-- MySQL dump 10.13  Distrib 8.0.40, for Linux (x86_64)
--
-- Host: Yarche.mysql.pythonanywhere-services.com    Database: Yarche$tables2
-- ------------------------------------------------------
-- Server version	8.0.40

/*!40101 SET @OLD_CHARACTER_SET_CLIENT=@@CHARACTER_SET_CLIENT */;
/*!40101 SET @OLD_CHARACTER_SET_RESULTS=@@CHARACTER_SET_RESULTS */;
/*!40101 SET @OLD_COLLATION_CONNECTION=@@COLLATION_CONNECTION */;
/*!50503 SET NAMES utf8mb4 */;
/*!40103 SET @OLD_TIME_ZONE=@@TIME_ZONE */;
/*!40103 SET TIME_ZONE='+00:00' */;
/*!40014 SET @OLD_UNIQUE_CHECKS=@@UNIQUE_CHECKS, UNIQUE_CHECKS=0 */;
/*!40014 SET @OLD_FOREIGN_KEY_CHECKS=@@FOREIGN_KEY_CHECKS, FOREIGN_KEY_CHECKS=0 */;
/*!40101 SET @OLD_SQL_MODE=@@SQL_MODE, SQL_MODE='NO_AUTO_VALUE_ON_ZERO' */;
/*!40111 SET @OLD_SQL_NOTES=@@SQL_NOTES, SQL_NOTES=0 */;

--
-- Table structure for table `auth_group`
--

DROP TABLE IF EXISTS `auth_group`;
/*!40101 SET @saved_cs_client     = @@character_set_client */;
/*!50503 SET character_set_client = utf8mb4 */;
CREATE TABLE `auth_group` (
  `id` int NOT NULL AUTO_INCREMENT,
  `name` varchar(150) NOT NULL,
  PRIMARY KEY (`id`),
  UNIQUE KEY `name` (`name`)
) ENGINE=InnoDB DEFAULT CHARSET=utf8mb3;
/*!40101 SET character_set_client = @saved_cs_client */;

--
-- Dumping data for table `auth_group`
--

LOCK TABLES `auth_group` WRITE;
/*!40000 ALTER TABLE `auth_group` DISABLE KEYS */;
/*!40000 ALTER TABLE `auth_group` ENABLE KEYS */;
UNLOCK TABLES;

--
-- Table structure for table `auth_group_permissions`
--

DROP TABLE IF EXISTS `auth_group_permissions`;
/*!40101 SET @saved_cs_client     = @@character_set_client */;
/*!50503 SET character_set_client = utf8mb4 */;
CREATE TABLE `auth_group_permissions` (
  `id` bigint NOT NULL AUTO_INCREMENT,
  `group_id` int NOT NULL,
  `permission_id` int NOT NULL,
  PRIMARY KEY (`id`),
  UNIQUE KEY `auth_group_permissions_group_id_permission_id_0cd325b0_uniq` (`group_id`,`permission_id`),
  KEY `auth_group_permissio_permission_id_84c5c92e_fk_auth_perm` (`permission_id`),
  CONSTRAINT `auth_group_permissio_permission_id_84c5c92e_fk_auth_perm` FOREIGN KEY (`permission_id`) REFERENCES `auth_permission` (`id`),
  CONSTRAINT `auth_group_permissions_group_id_b120cbf9_fk_auth_group_id` FOREIGN KEY (`group_id`) REFERENCES `auth_group` (`id`)
) ENGINE=InnoDB DEFAULT CHARSET=utf8mb3;
/*!40101 SET character_set_client = @saved_cs_client */;

--
-- Dumping data for table `auth_group_permissions`
--

LOCK TABLES `auth_group_permissions` WRITE;
/*!40000 ALTER TABLE `auth_group_permissions` DISABLE KEYS */;
/*!40000 ALTER TABLE `auth_group_permissions` ENABLE KEYS */;
UNLOCK TABLES;

--
-- Table structure for table `auth_permission`
--

DROP TABLE IF EXISTS `auth_permission`;
/*!40101 SET @saved_cs_client     = @@character_set_client */;
/*!50503 SET character_set_client = utf8mb4 */;
CREATE TABLE `auth_permission` (
  `id` int NOT NULL AUTO_INCREMENT,
  `name` varchar(255) NOT NULL,
  `content_type_id` int NOT NULL,
  `codename` varchar(100) NOT NULL,
  PRIMARY KEY (`id`),
  UNIQUE KEY `auth_permission_content_type_id_codename_01ab375a_uniq` (`content_type_id`,`codename`),
  CONSTRAINT `auth_permission_content_type_id_2f476e4b_fk_django_co` FOREIGN KEY (`content_type_id`) REFERENCES `django_content_type` (`id`)
) ENGINE=InnoDB AUTO_INCREMENT=89 DEFAULT CHARSET=utf8mb3;
/*!40101 SET character_set_client = @saved_cs_client */;

--
-- Dumping data for table `auth_permission`
--

LOCK TABLES `auth_permission` WRITE;
/*!40000 ALTER TABLE `auth_permission` DISABLE KEYS */;
INSERT INTO `auth_permission` VALUES (1,'Can add log entry',1,'add_logentry'),(2,'Can change log entry',1,'change_logentry'),(3,'Can delete log entry',1,'delete_logentry'),(4,'Can view log entry',1,'view_logentry'),(5,'Can add permission',2,'add_permission'),(6,'Can change permission',2,'change_permission'),(7,'Can delete permission',2,'delete_permission'),(8,'Can view permission',2,'view_permission'),(9,'Can add group',3,'add_group'),(10,'Can change group',3,'change_group'),(11,'Can delete group',3,'delete_group'),(12,'Can view group',3,'view_group'),(13,'Can add content type',4,'add_contenttype'),(14,'Can change content type',4,'change_contenttype'),(15,'Can delete content type',4,'delete_contenttype'),(16,'Can view content type',4,'view_contenttype'),(17,'Can add session',5,'add_session'),(18,'Can change session',5,'change_session'),(19,'Can delete session',5,'delete_session'),(20,'Can view session',5,'view_session'),(21,'Can add site block',6,'add_siteblock'),(22,'Can change site block',6,'change_siteblock'),(23,'Can delete site block',6,'delete_siteblock'),(24,'Can view site block',6,'view_siteblock'),(25,'Can add Тип пользователя',7,'add_usertype'),(26,'Can change Тип пользователя',7,'change_usertype'),(27,'Can delete Тип пользователя',7,'delete_usertype'),(28,'Can view Тип пользователя',7,'view_usertype'),(29,'Can add WebAuthn Credential',9,'add_webauthncredential'),(30,'Can change WebAuthn Credential',9,'change_webauthncredential'),(31,'Can delete WebAuthn Credential',9,'delete_webauthncredential'),(32,'Can view WebAuthn Credential',9,'view_webauthncredential'),(33,'Can add Тип счета',10,'add_accounttype'),(34,'Can change Тип счета',10,'change_accounttype'),(35,'Can delete Тип счета',10,'delete_accounttype'),(36,'Can view Тип счета',10,'view_accounttype'),(37,'Can add Данные для баланса',11,'add_balancedata'),(38,'Can change Данные для баланса',11,'change_balancedata'),(39,'Can delete Данные для баланса',11,'delete_balancedata'),(40,'Can view Данные для баланса',11,'view_balancedata'),(41,'Can add Филиал',12,'add_branch'),(42,'Can change Филиал',12,'change_branch'),(43,'Can delete Филиал',12,'delete_branch'),(44,'Can view Филиал',12,'view_branch'),(45,'Can add Клиент',13,'add_client'),(46,'Can change Клиент',13,'change_client'),(47,'Can delete Клиент',13,'delete_client'),(48,'Can view Клиент',13,'view_client'),(49,'Can add Инвестор',14,'add_investor'),(50,'Can change Инвестор',14,'change_investor'),(51,'Can delete Инвестор',14,'delete_investor'),(52,'Can view Инвестор',14,'view_investor'),(53,'Can add Назначение платежа',15,'add_paymentpurpose'),(54,'Can change Назначение платежа',15,'change_paymentpurpose'),(55,'Can delete Назначение платежа',15,'delete_paymentpurpose'),(56,'Can view Назначение платежа',15,'view_paymentpurpose'),(57,'Can add Счет поставщика',16,'add_supplieraccount'),(58,'Can change Счет поставщика',16,'change_supplieraccount'),(59,'Can delete Счет поставщика',16,'delete_supplieraccount'),(60,'Can view Счет поставщика',16,'view_supplieraccount'),(61,'Can add Погашение долга поставщика',17,'add_supplierdebtrepayment'),(62,'Can change Погашение долга поставщика',17,'change_supplierdebtrepayment'),(63,'Can delete Погашение долга поставщика',17,'delete_supplierdebtrepayment'),(64,'Can view Погашение долга поставщика',17,'view_supplierdebtrepayment'),(65,'Can add Счет',19,'add_account'),(66,'Can change Счет',19,'change_account'),(67,'Can delete Счет',19,'delete_account'),(68,'Can view Счет',19,'view_account'),(69,'Can add Операция с долгом инвестора',20,'add_investordebtoperation'),(70,'Can change Операция с долгом инвестора',20,'change_investordebtoperation'),(71,'Can delete Операция с долгом инвестора',20,'delete_investordebtoperation'),(72,'Can view Операция с долгом инвестора',20,'view_investordebtoperation'),(73,'Can add Перевод средств',21,'add_moneytransfer'),(74,'Can change Перевод средств',21,'change_moneytransfer'),(75,'Can delete Перевод средств',21,'delete_moneytransfer'),(76,'Can view Перевод средств',21,'view_moneytransfer'),(77,'Can add monthly capital',22,'add_monthlycapital'),(78,'Can change monthly capital',22,'change_monthlycapital'),(79,'Can delete monthly capital',22,'delete_monthlycapital'),(80,'Can view monthly capital',22,'view_monthlycapital'),(81,'Can add Движение ДС',23,'add_cashflow'),(82,'Can change Движение ДС',23,'change_cashflow'),(83,'Can delete Движение ДС',23,'delete_cashflow'),(84,'Can view Движение ДС',23,'view_cashflow'),(85,'Can add Поставщик',24,'add_supplier'),(86,'Can change Поставщик',24,'change_supplier'),(87,'Can delete Поставщик',24,'delete_supplier'),(88,'Can view Поставщик',24,'view_supplier');
/*!40000 ALTER TABLE `auth_permission` ENABLE KEYS */;
UNLOCK TABLES;

--
-- Table structure for table `django_admin_log`
--

DROP TABLE IF EXISTS `django_admin_log`;
/*!40101 SET @saved_cs_client     = @@character_set_client */;
/*!50503 SET character_set_client = utf8mb4 */;
CREATE TABLE `django_admin_log` (
  `id` int NOT NULL AUTO_INCREMENT,
  `action_time` datetime(6) NOT NULL,
  `object_id` longtext,
  `object_repr` varchar(200) NOT NULL,
  `action_flag` smallint unsigned NOT NULL,
  `change_message` longtext NOT NULL,
  `content_type_id` int DEFAULT NULL,
  `user_id` bigint NOT NULL,
  PRIMARY KEY (`id`),
  KEY `django_admin_log_content_type_id_c4bce8eb_fk_django_co` (`content_type_id`),
  KEY `django_admin_log_user_id_c564eba6_fk_users_user_id` (`user_id`),
  CONSTRAINT `django_admin_log_content_type_id_c4bce8eb_fk_django_co` FOREIGN KEY (`content_type_id`) REFERENCES `django_content_type` (`id`),
  CONSTRAINT `django_admin_log_user_id_c564eba6_fk_users_user_id` FOREIGN KEY (`user_id`) REFERENCES `users_user` (`id`),
  CONSTRAINT `django_admin_log_chk_1` CHECK ((`action_flag` >= 0))
) ENGINE=InnoDB AUTO_INCREMENT=333 DEFAULT CHARSET=utf8mb3;
/*!40101 SET character_set_client = @saved_cs_client */;

--
-- Dumping data for table `django_admin_log`
--

LOCK TABLES `django_admin_log` WRITE;
/*!40000 ALTER TABLE `django_admin_log` DISABLE KEYS */;
INSERT INTO `django_admin_log` VALUES (43,'2025-09-02 08:08:40.996149','2','admin',2,'[{\"changed\": {\"fields\": [\"\\u041b\\u043e\\u0433\\u0438\\u043d\"]}}]',8,4),(44,'2025-09-02 08:12:57.477619','2','admin',3,'',8,4),(45,'2025-09-02 08:14:43.510529','14','n',2,'[{\"changed\": {\"fields\": [\"\\u0422\\u0438\\u043f \\u043f\\u043e\\u043b\\u044c\\u0437\\u043e\\u0432\\u0430\\u0442\\u0435\\u043b\\u044f\"]}}]',8,4),(46,'2025-09-02 08:14:50.330643','15','Admin',2,'[{\"changed\": {\"fields\": [\"\\u041b\\u043e\\u0433\\u0438\\u043d\"]}}]',8,4),(47,'2025-09-02 08:16:03.208218','15','Admin',2,'[{\"changed\": {\"fields\": [\"\\u0422\\u0438\\u043f \\u043f\\u043e\\u043b\\u044c\\u0437\\u043e\\u0432\\u0430\\u0442\\u0435\\u043b\\u044f\"]}}]',8,4),(48,'2025-09-02 09:11:41.026389','2','% от вклада, кэшбэк',1,'[{\"added\": {}}]',15,15),(49,'2025-09-02 09:11:52.360299','3','Ввод остатков',1,'[{\"added\": {}}]',15,15),(50,'2025-09-02 09:12:04.059674','4','Взнос инвестора',1,'[{\"added\": {}}]',15,15),(51,'2025-09-02 09:12:26.177907','5','Возврат от поставщиков',1,'[{\"added\": {}}]',15,15),(52,'2025-09-02 09:12:38.262252','6','Получение кредита',1,'[{\"added\": {}}]',15,15),(53,'2025-09-02 09:12:48.276095','7','Продажа ТМЦ',1,'[{\"added\": {}}]',15,15),(54,'2025-09-02 09:12:56.986148','8','Расход ИП',1,'[{\"added\": {}}]',15,15),(55,'2025-09-02 09:13:03.177677','9','ЗП бух',1,'[{\"added\": {}}]',15,15),(56,'2025-09-02 09:13:10.572403','10','Съем денег',1,'[{\"added\": {}}]',15,15),(57,'2025-09-02 09:13:18.618289','11','Сот связь',1,'[{\"added\": {}}]',15,15),(58,'2025-09-02 09:13:23.533677','12','Налоги',1,'[{\"added\": {}}]',15,15),(59,'2025-09-02 09:13:34.198320','13','Сбис, эцп',1,'[{\"added\": {}}]',15,15),(60,'2025-09-02 09:13:59.069972','14','Приобретение ТМЦ (печати, роутеры)',1,'[{\"added\": {}}]',15,15),(61,'2025-09-02 09:14:08.995925','15','Банковские расходы',1,'[{\"added\": {}}]',15,15),(62,'2025-09-02 09:14:13.873826','16','ДТ',1,'[{\"added\": {}}]',15,15),(63,'2025-09-02 09:14:23.368432','17','Аренда помещения',1,'[{\"added\": {}}]',15,15),(64,'2025-09-02 09:14:29.617654','18','Процент при снятии',1,'[{\"added\": {}}]',15,15),(65,'2025-09-02 09:14:35.340453','19','Прочее',1,'[{\"added\": {}}]',15,15),(66,'2025-09-02 09:48:05.654376','17','Зорин - Карта физ Авангард',2,'[{\"changed\": {\"fields\": [\"\\u0411\\u0430\\u043b\\u0430\\u043d\\u0441 \\u043f\\u043e\\u0441\\u0442\\u0430\\u0432\\u0449\\u0438\\u043a\\u0430\"]}}]',16,15),(67,'2025-09-02 11:11:48.743271','34','Шкляев - Р/с Втб',2,'[{\"changed\": {\"fields\": [\"\\u0411\\u0430\\u043b\\u0430\\u043d\\u0441 \\u043f\\u043e\\u0441\\u0442\\u0430\\u0432\\u0449\\u0438\\u043a\\u0430\"]}}]',16,15),(68,'2025-09-02 11:12:01.146805','33','Шкляев - Р/C Сбер',2,'[{\"changed\": {\"fields\": [\"\\u0411\\u0430\\u043b\\u0430\\u043d\\u0441 \\u043f\\u043e\\u0441\\u0442\\u0430\\u0432\\u0449\\u0438\\u043a\\u0430\"]}}]',16,15),(69,'2025-09-02 11:12:43.707920','17','ШкляевА',1,'[{\"added\": {}}]',24,15),(70,'2025-09-02 11:13:06.846086','96','ШкляевА - Р/C Сбер',1,'[{\"added\": {}}]',16,15),(71,'2025-09-02 11:13:26.828269','97','ШкляевА - Р/с Втб',1,'[{\"added\": {}}]',16,15),(72,'2025-09-02 14:09:56.216129','1','Бармин - Р/C Сбер',2,'[{\"changed\": {\"fields\": [\"\\u0411\\u0430\\u043b\\u0430\\u043d\\u0441 \\u043f\\u043e\\u0441\\u0442\\u0430\\u0432\\u0449\\u0438\\u043a\\u0430\"]}}]',16,15),(73,'2025-09-02 14:10:23.349840','3','Бармин - Р/с Втб',2,'[{\"changed\": {\"fields\": [\"\\u0411\\u0430\\u043b\\u0430\\u043d\\u0441 \\u043f\\u043e\\u0441\\u0442\\u0430\\u0432\\u0449\\u0438\\u043a\\u0430\"]}}]',16,15),(74,'2025-09-02 14:10:46.003969','7','Зорин - Р/с Авангард',2,'[{\"changed\": {\"fields\": [\"\\u0411\\u0430\\u043b\\u0430\\u043d\\u0441 \\u043f\\u043e\\u0441\\u0442\\u0430\\u0432\\u0449\\u0438\\u043a\\u0430\"]}}]',16,15),(75,'2025-09-02 14:11:06.841308','5','Вавилов - Р/с Втб',2,'[{\"changed\": {\"fields\": [\"\\u0411\\u0430\\u043b\\u0430\\u043d\\u0441 \\u043f\\u043e\\u0441\\u0442\\u0430\\u0432\\u0449\\u0438\\u043a\\u0430\"]}}]',16,15),(76,'2025-09-03 14:07:09.253249','4','бух',2,'[{\"changed\": {\"fields\": [\"Superuser status\", \"Staff status\"]}}]',8,15),(77,'2025-09-03 14:07:15.419516','3','ассистент',2,'[{\"changed\": {\"fields\": [\"Superuser status\", \"Staff status\"]}}]',8,15),(78,'2025-09-05 07:21:07.005590','105','ДТ обмен - Р/с Втб',2,'[{\"changed\": {\"fields\": [\"\\u0411\\u0430\\u043b\\u0430\\u043d\\u0441 \\u043f\\u043e\\u0441\\u0442\\u0430\\u0432\\u0449\\u0438\\u043a\\u0430\"]}}]',16,14),(79,'2025-09-05 07:21:17.951586','105','ДТ обмен - Р/с Втб',2,'[{\"changed\": {\"fields\": [\"\\u0411\\u0430\\u043b\\u0430\\u043d\\u0441 \\u043f\\u043e\\u0441\\u0442\\u0430\\u0432\\u0449\\u0438\\u043a\\u0430\"]}}]',16,14),(80,'2025-09-05 07:25:43.851484','118','Область Печати ОБМЕН - Р/с Втб',2,'[{\"changed\": {\"fields\": [\"\\u0411\\u0430\\u043b\\u0430\\u043d\\u0441 \\u043f\\u043e\\u0441\\u0442\\u0430\\u0432\\u0449\\u0438\\u043a\\u0430\"]}}]',16,14),(81,'2025-09-05 07:25:51.918274','117','Область Печати ОБМЕН - Р/с Альфа',2,'[{\"changed\": {\"fields\": [\"\\u0411\\u0430\\u043b\\u0430\\u043d\\u0441 \\u043f\\u043e\\u0441\\u0442\\u0430\\u0432\\u0449\\u0438\\u043a\\u0430\"]}}]',16,14),(82,'2025-09-05 07:25:57.826913','116','Область Печати ОБМЕН - Р/C Сбер',2,'[{\"changed\": {\"fields\": [\"\\u0411\\u0430\\u043b\\u0430\\u043d\\u0441 \\u043f\\u043e\\u0441\\u0442\\u0430\\u0432\\u0449\\u0438\\u043a\\u0430\"]}}]',16,14),(83,'2025-09-05 07:26:03.290599','115','Талапин ОБМЕН - Р/с Втб',2,'[{\"changed\": {\"fields\": [\"\\u0411\\u0430\\u043b\\u0430\\u043d\\u0441 \\u043f\\u043e\\u0441\\u0442\\u0430\\u0432\\u0449\\u0438\\u043a\\u0430\"]}}]',16,14),(84,'2025-09-05 07:26:10.178976','114','Талапин ОБМЕН - Р/с Альфа',2,'[{\"changed\": {\"fields\": [\"\\u0411\\u0430\\u043b\\u0430\\u043d\\u0441 \\u043f\\u043e\\u0441\\u0442\\u0430\\u0432\\u0449\\u0438\\u043a\\u0430\"]}}]',16,14),(85,'2025-09-05 07:26:15.203070','113','Талапин ОБМЕН - Р/C Сбер',2,'[{\"changed\": {\"fields\": [\"\\u0411\\u0430\\u043b\\u0430\\u043d\\u0441 \\u043f\\u043e\\u0441\\u0442\\u0430\\u0432\\u0449\\u0438\\u043a\\u0430\"]}}]',16,14),(86,'2025-09-05 07:26:22.463443','112','Крупин ОБМЕН - Р/с Втб',2,'[{\"changed\": {\"fields\": [\"\\u0411\\u0430\\u043b\\u0430\\u043d\\u0441 \\u043f\\u043e\\u0441\\u0442\\u0430\\u0432\\u0449\\u0438\\u043a\\u0430\"]}}]',16,14),(87,'2025-09-05 07:26:28.709566','111','Крупин ОБМЕН - Р/с Альфа',2,'[{\"changed\": {\"fields\": [\"\\u0411\\u0430\\u043b\\u0430\\u043d\\u0441 \\u043f\\u043e\\u0441\\u0442\\u0430\\u0432\\u0449\\u0438\\u043a\\u0430\"]}}]',16,14),(88,'2025-09-05 07:26:36.595052','110','Крупин ОБМЕН - Р/C Сбер',2,'[{\"changed\": {\"fields\": [\"\\u0411\\u0430\\u043b\\u0430\\u043d\\u0441 \\u043f\\u043e\\u0441\\u0442\\u0430\\u0432\\u0449\\u0438\\u043a\\u0430\"]}}]',16,14),(89,'2025-09-05 07:26:45.742041','109','Кулапин ОБМЕН - Р/с Втб',2,'[{\"changed\": {\"fields\": [\"\\u0411\\u0430\\u043b\\u0430\\u043d\\u0441 \\u043f\\u043e\\u0441\\u0442\\u0430\\u0432\\u0449\\u0438\\u043a\\u0430\"]}}]',16,14),(90,'2025-09-05 07:26:52.761422','108','Кулапин ОБМЕН - Р/с Альфа',2,'[{\"changed\": {\"fields\": [\"\\u0411\\u0430\\u043b\\u0430\\u043d\\u0441 \\u043f\\u043e\\u0441\\u0442\\u0430\\u0432\\u0449\\u0438\\u043a\\u0430\"]}}]',16,14),(91,'2025-09-05 07:26:59.054765','107','Кулапин ОБМЕН - Р/C Сбер',2,'[{\"changed\": {\"fields\": [\"\\u0411\\u0430\\u043b\\u0430\\u043d\\u0441 \\u043f\\u043e\\u0441\\u0442\\u0430\\u0432\\u0449\\u0438\\u043a\\u0430\"]}}]',16,14),(92,'2025-09-05 07:27:06.062021','106','ДТ обмен - Карта физ Втб',2,'[{\"changed\": {\"fields\": [\"\\u0411\\u0430\\u043b\\u0430\\u043d\\u0441 \\u043f\\u043e\\u0441\\u0442\\u0430\\u0432\\u0449\\u0438\\u043a\\u0430\"]}}]',16,14),(93,'2025-09-05 07:27:12.872000','105','ДТ обмен - Р/с Втб',2,'[{\"changed\": {\"fields\": [\"\\u0411\\u0430\\u043b\\u0430\\u043d\\u0441 \\u043f\\u043e\\u0441\\u0442\\u0430\\u0432\\u0449\\u0438\\u043a\\u0430\"]}}]',16,14),(94,'2025-09-05 07:27:19.449884','104','ДТ обмен - Р/C Сбер',2,'[{\"changed\": {\"fields\": [\"\\u0411\\u0430\\u043b\\u0430\\u043d\\u0441 \\u043f\\u043e\\u0441\\u0442\\u0430\\u0432\\u0449\\u0438\\u043a\\u0430\"]}}]',16,14),(95,'2025-09-05 07:27:25.876842','102','ДТ обмен - Карта физ Сбер',2,'[{\"changed\": {\"fields\": [\"\\u0411\\u0430\\u043b\\u0430\\u043d\\u0441 \\u043f\\u043e\\u0441\\u0442\\u0430\\u0432\\u0449\\u0438\\u043a\\u0430\"]}}]',16,14),(96,'2025-09-05 07:28:33.251135','119','Георгий ОБМЕН - Р/с Втб',2,'[{\"changed\": {\"fields\": [\"\\u0411\\u0430\\u043b\\u0430\\u043d\\u0441 \\u043f\\u043e\\u0441\\u0442\\u0430\\u0432\\u0449\\u0438\\u043a\\u0430\"]}}]',16,14),(97,'2025-09-05 07:32:32.197321','117','Область Печати ОБМЕН - Р/с Альфа',3,'',16,14),(98,'2025-09-05 07:32:40.326781','116','Область Печати ОБМЕН - Р/C Сбер',3,'',16,14),(99,'2025-09-05 07:32:46.901336','114','Талапин ОБМЕН - Р/с Альфа',3,'',16,14),(100,'2025-09-05 07:32:52.091678','113','Талапин ОБМЕН - Р/C Сбер',3,'',16,14),(101,'2025-09-05 07:32:59.587229','111','Крупин ОБМЕН - Р/с Альфа',3,'',16,14),(102,'2025-09-05 07:33:04.314859','110','Крупин ОБМЕН - Р/C Сбер',3,'',16,14),(103,'2025-09-05 07:33:09.993604','108','Кулапин ОБМЕН - Р/с Альфа',3,'',16,14),(104,'2025-09-05 07:33:16.482445','107','Кулапин ОБМЕН - Р/C Сбер',3,'',16,14),(105,'2025-09-05 07:34:45.300316','120','ИА ОБМЕН - Р/с Втб',2,'[{\"changed\": {\"fields\": [\"\\u0411\\u0430\\u043b\\u0430\\u043d\\u0441 \\u043f\\u043e\\u0441\\u0442\\u0430\\u0432\\u0449\\u0438\\u043a\\u0430\"]}}]',16,14),(106,'2025-09-05 17:50:51.762354','3','Наличные',2,'[{\"changed\": {\"fields\": [\"\\u0411\\u0430\\u043b\\u0430\\u043d\\u0441\"]}}]',19,14),(107,'2025-09-08 06:35:59.968971','3','Наличные',2,'[{\"changed\": {\"fields\": [\"\\u0411\\u0430\\u043b\\u0430\\u043d\\u0441\"]}}]',19,15),(108,'2025-09-08 06:36:52.436099','121','Бармин - Наличные',2,'[{\"changed\": {\"fields\": [\"\\u0411\\u0430\\u043b\\u0430\\u043d\\u0441 \\u043f\\u043e\\u0441\\u0442\\u0430\\u0432\\u0449\\u0438\\u043a\\u0430\"]}}]',16,15),(109,'2025-09-08 06:37:30.544786','101','Соболев - Наличные',2,'[{\"changed\": {\"fields\": [\"\\u0411\\u0430\\u043b\\u0430\\u043d\\u0441 \\u043f\\u043e\\u0441\\u0442\\u0430\\u0432\\u0449\\u0438\\u043a\\u0430\"]}}]',16,15),(110,'2025-09-08 06:37:34.316663','100','Зорин - Наличные',2,'[{\"changed\": {\"fields\": [\"\\u0411\\u0430\\u043b\\u0430\\u043d\\u0441 \\u043f\\u043e\\u0441\\u0442\\u0430\\u0432\\u0449\\u0438\\u043a\\u0430\"]}}]',16,15),(111,'2025-09-08 06:37:37.506353','99','Вавилов - Наличные',2,'[{\"changed\": {\"fields\": [\"\\u0411\\u0430\\u043b\\u0430\\u043d\\u0441 \\u043f\\u043e\\u0441\\u0442\\u0430\\u0432\\u0449\\u0438\\u043a\\u0430\"]}}]',16,15),(112,'2025-09-08 06:37:40.462099','95','Пыхтеев - Наличные',2,'[{\"changed\": {\"fields\": [\"\\u0411\\u0430\\u043b\\u0430\\u043d\\u0441 \\u043f\\u043e\\u0441\\u0442\\u0430\\u0432\\u0449\\u0438\\u043a\\u0430\"]}}]',16,15),(113,'2025-09-08 07:44:48.793254','3','Наличные',2,'[{\"changed\": {\"fields\": [\"\\u0411\\u0430\\u043b\\u0430\\u043d\\u0441\"]}}]',19,14),(114,'2025-09-08 07:48:34.290129','42','Соболев - Карта физ Втб',2,'[{\"changed\": {\"fields\": [\"\\u0411\\u0430\\u043b\\u0430\\u043d\\u0441 \\u043f\\u043e\\u0441\\u0442\\u0430\\u0432\\u0449\\u0438\\u043a\\u0430\"]}}]',16,15),(115,'2025-09-08 07:54:59.834774','53','Перевод: 124600 р. (Карта физ Втб)',2,'[{\"changed\": {\"fields\": [\"\\u0421\\u0443\\u043c\\u043c\\u0430\"]}}]',23,15),(116,'2025-09-08 07:55:21.629658','57','Перевод: -124600 р. (Карта физ Втб)',3,'',23,15),(117,'2025-09-08 07:55:21.629721','58','Перевод: 124600 р. (Карта физ Альфа)',3,'',23,15),(118,'2025-09-08 07:55:21.629759','59','Перевод: -124600 р. (Карта физ Альфа)',3,'',23,15),(119,'2025-09-08 07:55:21.629793','60','Перевод: 124600 р. (Карта физ Втб)',3,'',23,15),(120,'2025-09-08 08:43:17.441123','24','Перевод 1 р. от Область Печати ОБМЕН - Р/с Втб к Анфилатов И - Р/C Сбер',3,'',21,14),(121,'2025-09-08 08:43:33.777967','23','Перевод 400 р. от Область Печати ОБМЕН - Р/с Втб к Кулапин ОБМЕН - Р/C Сбер',3,'',21,14),(122,'2025-09-08 08:44:08.900321','22','Область Печати ОБМЕН',3,'',24,14),(123,'2025-09-08 08:44:18.743352','47','Перевод 1 р. от Талапин ОБМЕН - Р/с Втб к Зорин - Р/с Втб',3,'',21,14),(124,'2025-09-08 08:44:29.582048','21','Талапин ОБМЕН',3,'',24,14),(125,'2025-09-08 08:45:08.497572','21','Перевод 100 р. от ДТ обмен - Р/с Втб к Крупин ОБМЕН - Р/с Втб',3,'',21,14),(126,'2025-09-08 08:45:20.859419','45','Перевод 1 р. от Крупин ОБМЕН - Р/с Втб к Зорин - Р/с Втб',3,'',21,14),(127,'2025-09-08 08:45:28.119374','20','Крупин ОБМЕН',3,'',24,14),(128,'2025-09-08 08:45:37.206469','46','Перевод 2 р. от ДТ обмен - Р/с Втб к Кулапин ОБМЕН - Р/с Втб',3,'',21,14),(129,'2025-09-08 08:45:48.503452','19','Кулапин ОБМЕН',3,'',24,14),(130,'2025-09-08 08:52:03.820404','125','ДИЗАЙНЕР ИП ОБМЕН - Р/с Втб',2,'[{\"changed\": {\"fields\": [\"\\u0411\\u0430\\u043b\\u0430\\u043d\\u0441 \\u043f\\u043e\\u0441\\u0442\\u0430\\u0432\\u0449\\u0438\\u043a\\u0430\"]}}]',16,14),(131,'2025-09-08 08:52:10.548456','125','ДИЗАЙНЕР ИП ОБМЕН - Р/с Втб',2,'[]',16,14),(132,'2025-09-08 08:52:16.492343','124','ДИЗАЙНЕР ООО ОБМЕН - Р/с Втб',2,'[{\"changed\": {\"fields\": [\"\\u0411\\u0430\\u043b\\u0430\\u043d\\u0441 \\u043f\\u043e\\u0441\\u0442\\u0430\\u0432\\u0449\\u0438\\u043a\\u0430\"]}}]',16,14),(133,'2025-09-08 08:52:21.979113','120','ИА ОБМЕН - Р/с Втб',2,'[]',16,14),(134,'2025-09-12 18:01:37.561419','1','Анфилатов И: 150000.00 р. (01.09.2025 14:40)',3,'',17,14),(135,'2025-09-12 18:01:44.003129','2','Пыхтеев: 144780.00 р. (05.09.2025 13:00)',3,'',17,14),(136,'2025-09-12 18:01:55.227108','3','Пыхтеев: 355220.00 р. (05.09.2025 13:00)',3,'',17,14),(137,'2025-09-12 18:02:22.710263','4','Пыхтеев: 262280.00 р. (05.09.2025 13:01)',3,'',17,14),(138,'2025-09-12 18:02:28.716317','5','Анфилатов И: 287720.00 р. (05.09.2025 13:01)',3,'',17,14),(139,'2025-09-12 18:02:36.787068','6','Пыхтеев: 472000.00 р. (05.09.2025 14:36)',3,'',17,14),(140,'2025-09-12 18:02:58.734608','7','Зорин: 30000.00 р. (08.09.2025 15:11)',3,'',17,14),(141,'2025-09-12 18:04:09.278741','2','ИА',2,'[{\"changed\": {\"fields\": [\"\\u0424\\u0438\\u043b\\u0438\\u0430\\u043b\"]}}]',12,14),(142,'2025-09-12 18:04:31.808765','3','Георгий Филиал 3',2,'[{\"changed\": {\"fields\": [\"\\u0424\\u0438\\u043b\\u0438\\u0430\\u043b\"]}}]',12,14),(143,'2025-09-12 18:04:37.071174','3','Георгий Филиал 3',2,'[]',12,14),(144,'2025-09-12 18:04:51.947314','2','ИА',2,'[]',12,14),(145,'2025-09-12 18:05:03.118335','2','ИА',2,'[]',12,14),(146,'2025-09-12 18:05:13.781842','3','Георгий',2,'[{\"changed\": {\"fields\": [\"\\u0424\\u0438\\u043b\\u0438\\u0430\\u043b\"]}}]',12,14),(147,'2025-09-12 18:06:31.711092','4','Георги',2,'[{\"changed\": {\"fields\": [\"\\u0424\\u0438\\u043b\\u0438\\u0430\\u043b\"]}}]',12,14),(148,'2025-09-12 18:06:48.540103','3','Артем Х11',2,'[{\"changed\": {\"fields\": [\"\\u0424\\u0438\\u043b\\u0438\\u0430\\u043b\"]}}]',12,14),(149,'2025-09-12 18:06:54.937094','4','Георгий',2,'[{\"changed\": {\"fields\": [\"\\u0424\\u0438\\u043b\\u0438\\u0430\\u043b\"]}}]',12,14),(150,'2025-09-12 18:07:12.117062','2','Илья',2,'[{\"changed\": {\"fields\": [\"\\u0424\\u0438\\u043b\\u0438\\u0430\\u043b\"]}}]',12,14),(151,'2025-09-12 18:07:55.171973','1','Наши ИП',2,'[{\"changed\": {\"fields\": [\"\\u0424\\u0438\\u043b\\u0438\\u0430\\u043b\"]}}]',12,14),(152,'2025-09-12 18:14:34.245039','3','Наличные',2,'[{\"changed\": {\"fields\": [\"\\u0411\\u0430\\u043b\\u0430\\u043d\\u0441\"]}}]',19,14),(153,'2025-09-12 18:39:02.261946','3','Наличные',2,'[{\"changed\": {\"fields\": [\"\\u0411\\u0430\\u043b\\u0430\\u043d\\u0441\"]}}]',19,14),(154,'2025-09-12 18:54:24.630398','5','Артём Ф',2,'[{\"changed\": {\"fields\": [\"\\u0424\\u0438\\u043b\\u0438\\u0430\\u043b\"]}}]',12,14),(155,'2025-09-12 19:03:19.323840','135','Артём Х11 - Карта физ Хлынов',3,'',16,14),(156,'2025-09-12 19:03:29.659982','134','Артём Х11 - Карта физ Втб',3,'',16,14),(157,'2025-09-12 19:03:37.963699','133','Артём Х11 - Карта физ Альфа',3,'',16,14),(158,'2025-09-12 19:03:49.263523','132','Артём Х11 - Р/С Хлынов',3,'',16,14),(159,'2025-09-12 19:03:57.796524','130','Артём Х11 - Р/с Альфа',3,'',16,14),(160,'2025-09-12 19:04:03.683566','129','Артём Х11 - Р/с Авангард',3,'',16,14),(161,'2025-09-12 19:04:10.743600','128','Артём Х11 - Р/C Сбер',3,'',16,14),(162,'2025-09-12 19:04:16.309367','127','Артём Х11 - Карта физ Авангард',3,'',16,14),(163,'2025-09-12 19:04:23.674389','126','Артём Х11 - Карта физ Сбер',3,'',16,14),(164,'2025-09-12 19:04:54.687315','53','Анфилатов И - Карта физ Сбер',3,'',16,14),(165,'2025-09-12 19:05:06.736014','94','Анфилатова Е - Карта физ Втб',3,'',16,14),(166,'2025-09-12 19:05:17.501386','93','Анфилатова Е - Карта физ Альфа',3,'',16,14),(167,'2025-09-12 19:05:24.809887','91','Анфилатова Е - Р/с Альфа',3,'',16,14),(168,'2025-09-12 19:05:32.562090','90','Анфилатова Е - Р/C Сбер',3,'',16,14),(169,'2025-09-12 19:05:43.603346','89','Анфилатова Е - Наличные',3,'',16,14),(170,'2025-09-12 19:05:51.777876','88','Анфилатова Е - Карта физ Сбер',3,'',16,14),(171,'2025-09-12 19:06:06.171927','87','Катаев - Карта физ Втб',3,'',16,14),(172,'2025-09-12 19:06:16.925441','84','Катаев - Р/с Альфа',3,'',16,14),(173,'2025-09-12 19:06:41.266594','83','Катаев - Р/C Сбер',3,'',16,14),(174,'2025-09-12 19:06:54.446361','86','Катаев - Карта физ Альфа',3,'',16,14),(175,'2025-09-12 19:07:04.693013','79','Азанова - Карта физ Альфа',3,'',16,14),(176,'2025-09-12 19:07:15.365279','80','Азанова - Карта физ Втб',3,'',16,14),(177,'2025-09-12 19:07:40.151807','82','Катаев - Наличные',3,'',16,14),(178,'2025-09-12 19:08:17.857296','81','Катаев - Карта физ Сбер',3,'',16,14),(179,'2025-09-12 19:08:30.219478','77','Азанова - Р/с Альфа',3,'',16,14),(180,'2025-09-12 19:08:41.211402','67','Кайсина - Карта физ Сбер',3,'',16,14),(181,'2025-09-12 19:08:49.902123','70','Кайсина - Р/с Альфа',3,'',16,14),(182,'2025-09-12 19:09:13.532936','72','Кайсина - Карта физ Альфа',3,'',16,14),(183,'2025-09-12 19:09:22.295797','62','Карсакова - Р/C Сбер',3,'',16,14),(184,'2025-09-12 19:09:33.401237','69','Кайсина - Р/C Сбер',3,'',16,14),(185,'2025-09-12 19:11:57.829835','75','Азанова - Наличные',3,'',16,14),(186,'2025-09-12 19:12:18.321785','55','Анфилатов И - Р/C Сбер',3,'',16,14),(187,'2025-09-12 19:12:34.219588','61','Карсакова - Наличные',3,'',16,14),(188,'2025-09-12 19:12:52.496302','9','Пыхтеев - Р/C Сбер',3,'',16,14),(189,'2025-09-12 19:13:08.441967','95','Пыхтеев - Наличные',3,'',16,14),(190,'2025-09-12 19:13:19.514149','68','Кайсина - Наличные',3,'',16,14),(191,'2025-09-12 19:13:32.045725','54','Анфилатов И - Наличные',3,'',16,14),(192,'2025-09-12 19:16:44.301723','146','Фефилов - Р/с Втб',2,'[{\"changed\": {\"fields\": [\"\\u0411\\u0430\\u043b\\u0430\\u043d\\u0441 \\u043f\\u043e\\u0441\\u0442\\u0430\\u0432\\u0449\\u0438\\u043a\\u0430\"]}}]',16,14),(193,'2025-09-12 19:19:44.447565','146','Фефилов - Р/с Втб',2,'[{\"changed\": {\"fields\": [\"\\u0411\\u0430\\u043b\\u0430\\u043d\\u0441 \\u043f\\u043e\\u0441\\u0442\\u0430\\u0432\\u0449\\u0438\\u043a\\u0430\"]}}]',16,14),(194,'2025-09-12 19:19:45.498382','146','Фефилов - Р/с Втб',2,'[]',16,14),(195,'2025-09-12 19:22:10.500680','6','Свечникова',2,'[{\"changed\": {\"fields\": [\"\\u0424\\u0438\\u043b\\u0438\\u0430\\u043b\"]}}]',12,14),(196,'2025-09-12 19:33:00.751407','3','Наличные',2,'[{\"changed\": {\"fields\": [\"\\u0411\\u0430\\u043b\\u0430\\u043d\\u0441\"]}}]',19,14),(197,'2025-09-12 19:49:54.894123','1','Инвестор 1',2,'[{\"changed\": {\"fields\": [\"\\u0418\\u0437\\u043d\\u0430\\u0447\\u0430\\u043b\\u044c\\u043d\\u044b\\u0439 \\u0431\\u0430\\u043b\\u0430\\u043d\\u0441\", \"\\u0421\\u0443\\u043c\\u043c\\u0430\"]}}]',14,14),(198,'2025-09-12 19:55:47.936178','7','Займы',2,'[{\"changed\": {\"fields\": [\"\\u0424\\u0438\\u043b\\u0438\\u0430\\u043b\"]}}]',12,14),(199,'2025-09-12 20:10:44.955435','150','Саша Нагорничных - Р/с Втб',2,'[{\"changed\": {\"fields\": [\"\\u0411\\u0430\\u043b\\u0430\\u043d\\u0441 \\u043f\\u043e\\u0441\\u0442\\u0430\\u0432\\u0449\\u0438\\u043a\\u0430\"]}}]',16,14),(200,'2025-09-12 20:10:53.325382','149','Гагик - Р/с Втб',2,'[{\"changed\": {\"fields\": [\"\\u0411\\u0430\\u043b\\u0430\\u043d\\u0441 \\u043f\\u043e\\u0441\\u0442\\u0430\\u0432\\u0449\\u0438\\u043a\\u0430\"]}}]',16,14),(201,'2025-09-12 20:11:08.957344','148','Максим Автобусы - Р/с Втб',2,'[{\"changed\": {\"fields\": [\"\\u0411\\u0430\\u043b\\u0430\\u043d\\u0441 \\u043f\\u043e\\u0441\\u0442\\u0430\\u0432\\u0449\\u0438\\u043a\\u0430\"]}}]',16,14),(202,'2025-09-12 20:12:22.765518','151','Шабалин - Р/с Втб',2,'[{\"changed\": {\"fields\": [\"\\u0411\\u0430\\u043b\\u0430\\u043d\\u0441 \\u043f\\u043e\\u0441\\u0442\\u0430\\u0432\\u0449\\u0438\\u043a\\u0430\"]}}]',16,14),(203,'2025-09-12 20:18:03.969860','152','Костицын - Р/с Втб',2,'[{\"changed\": {\"fields\": [\"\\u0411\\u0430\\u043b\\u0430\\u043d\\u0441 \\u043f\\u043e\\u0441\\u0442\\u0430\\u0432\\u0449\\u0438\\u043a\\u0430\"]}}]',16,14),(204,'2025-09-15 13:01:09.970246','42','Ввод остатков: 200000 р. (Р/с Втб)',2,'[{\"changed\": {\"fields\": [\"\\u041d\\u0430\\u0437\\u043d\\u0430\\u0447\\u0435\\u043d\\u0438\\u0435 \\u043f\\u043b\\u0430\\u0442\\u0435\\u0436\\u0430\"]}}]',23,15),(205,'2025-09-15 13:04:03.148650','22','Инвестор 1',1,'[{\"added\": {}}]',15,15),(206,'2025-09-15 13:04:10.633568','23','Инвестор 2',1,'[{\"added\": {}}]',15,15),(207,'2025-09-15 13:05:34.738176','24','Инвестор 1',1,'[{\"added\": {}}]',15,15),(208,'2025-09-15 13:05:39.762590','25','Инвестор 2',1,'[{\"added\": {}}]',15,15),(209,'2025-09-15 13:32:47.855993','4','Взнос инвестора',3,'',15,15),(210,'2025-09-15 13:33:04.792134','23','Инвестор 2',3,'',15,15),(211,'2025-09-15 13:33:08.363361','22','Инвестор 1',3,'',15,15),(212,'2025-09-15 13:57:44.028917','23','Коваль - Р/C Сбер',2,'[{\"changed\": {\"fields\": [\"\\u0411\\u0430\\u043b\\u0430\\u043d\\u0441 \\u043f\\u043e\\u0441\\u0442\\u0430\\u0432\\u0449\\u0438\\u043a\\u0430\"]}}]',16,15),(213,'2025-09-15 13:58:30.467810','153','Зорин - Р/с Альфа',1,'[{\"added\": {}}]',16,15),(214,'2025-09-15 13:58:48.679513','153','Зорин - Р/с Альфа',3,'',16,15),(215,'2025-09-15 14:04:04.303483','21','Коваль - Карта физ Сбер',2,'[{\"changed\": {\"fields\": [\"\\u0411\\u0430\\u043b\\u0430\\u043d\\u0441 \\u043f\\u043e\\u0441\\u0442\\u0430\\u0432\\u0449\\u0438\\u043a\\u0430\"]}}]',16,15),(216,'2025-09-15 14:04:09.798468','19','Зорин - Карта физ Втб',2,'[{\"changed\": {\"fields\": [\"\\u0411\\u0430\\u043b\\u0430\\u043d\\u0441 \\u043f\\u043e\\u0441\\u0442\\u0430\\u0432\\u0449\\u0438\\u043a\\u0430\"]}}]',16,15),(217,'2025-09-15 14:04:13.762537','18','Зорин - Р/С Хлынов',2,'[{\"changed\": {\"fields\": [\"\\u0411\\u0430\\u043b\\u0430\\u043d\\u0441 \\u043f\\u043e\\u0441\\u0442\\u0430\\u0432\\u0449\\u0438\\u043a\\u0430\"]}}]',16,15),(218,'2025-09-15 14:04:17.731937','17','Зорин - Карта физ Авангард',2,'[{\"changed\": {\"fields\": [\"\\u0411\\u0430\\u043b\\u0430\\u043d\\u0441 \\u043f\\u043e\\u0441\\u0442\\u0430\\u0432\\u0449\\u0438\\u043a\\u0430\"]}}]',16,15),(219,'2025-09-15 14:04:22.637340','15','Вавилов - Карта физ Втб',2,'[{\"changed\": {\"fields\": [\"\\u0411\\u0430\\u043b\\u0430\\u043d\\u0441 \\u043f\\u043e\\u0441\\u0442\\u0430\\u0432\\u0449\\u0438\\u043a\\u0430\"]}}]',16,15),(220,'2025-09-15 14:04:26.353969','14','Вавилов - Карта физ Сбер',2,'[{\"changed\": {\"fields\": [\"\\u0411\\u0430\\u043b\\u0430\\u043d\\u0441 \\u043f\\u043e\\u0441\\u0442\\u0430\\u0432\\u0449\\u0438\\u043a\\u0430\"]}}]',16,15),(221,'2025-09-15 14:04:32.753304','11','Пыхтеев - Р/с Втб',2,'[{\"changed\": {\"fields\": [\"\\u0411\\u0430\\u043b\\u0430\\u043d\\u0441 \\u043f\\u043e\\u0441\\u0442\\u0430\\u0432\\u0449\\u0438\\u043a\\u0430\"]}}]',16,15),(222,'2025-09-15 14:04:37.360229','8','Зорин - Р/с Втб',2,'[{\"changed\": {\"fields\": [\"\\u0411\\u0430\\u043b\\u0430\\u043d\\u0441 \\u043f\\u043e\\u0441\\u0442\\u0430\\u0432\\u0449\\u0438\\u043a\\u0430\"]}}]',16,15),(223,'2025-09-15 14:04:41.689526','7','Зорин - Р/с Авангард',2,'[{\"changed\": {\"fields\": [\"\\u0411\\u0430\\u043b\\u0430\\u043d\\u0441 \\u043f\\u043e\\u0441\\u0442\\u0430\\u0432\\u0449\\u0438\\u043a\\u0430\"]}}]',16,15),(224,'2025-09-15 14:04:46.202681','5','Вавилов - Р/с Втб',2,'[{\"changed\": {\"fields\": [\"\\u0411\\u0430\\u043b\\u0430\\u043d\\u0441 \\u043f\\u043e\\u0441\\u0442\\u0430\\u0432\\u0449\\u0438\\u043a\\u0430\"]}}]',16,15),(225,'2025-09-15 14:04:50.647061','4','Вавилов - Р/C Сбер',2,'[{\"changed\": {\"fields\": [\"\\u0411\\u0430\\u043b\\u0430\\u043d\\u0441 \\u043f\\u043e\\u0441\\u0442\\u0430\\u0432\\u0449\\u0438\\u043a\\u0430\"]}}]',16,15),(226,'2025-09-15 14:04:54.985357','3','Бармин - Р/с Втб',2,'[{\"changed\": {\"fields\": [\"\\u0411\\u0430\\u043b\\u0430\\u043d\\u0441 \\u043f\\u043e\\u0441\\u0442\\u0430\\u0432\\u0449\\u0438\\u043a\\u0430\"]}}]',16,15),(227,'2025-09-15 14:04:58.829609','2','Бармин - Р/с Авангард',2,'[{\"changed\": {\"fields\": [\"\\u0411\\u0430\\u043b\\u0430\\u043d\\u0441 \\u043f\\u043e\\u0441\\u0442\\u0430\\u0432\\u0449\\u0438\\u043a\\u0430\"]}}]',16,15),(228,'2025-09-15 14:05:03.191959','1','Бармин - Р/C Сбер',2,'[{\"changed\": {\"fields\": [\"\\u0411\\u0430\\u043b\\u0430\\u043d\\u0441 \\u043f\\u043e\\u0441\\u0442\\u0430\\u0432\\u0449\\u0438\\u043a\\u0430\"]}}]',16,15),(229,'2025-09-15 14:05:08.916780','147','Свечникова - Р/с Втб',2,'[{\"changed\": {\"fields\": [\"\\u0411\\u0430\\u043b\\u0430\\u043d\\u0441 \\u043f\\u043e\\u0441\\u0442\\u0430\\u0432\\u0449\\u0438\\u043a\\u0430\"]}}]',16,15),(230,'2025-09-15 14:05:13.506619','146','Фефилов - Р/с Втб',2,'[{\"changed\": {\"fields\": [\"\\u0411\\u0430\\u043b\\u0430\\u043d\\u0441 \\u043f\\u043e\\u0441\\u0442\\u0430\\u0432\\u0449\\u0438\\u043a\\u0430\"]}}]',16,15),(231,'2025-09-15 14:05:17.973765','141','Георгий - Р/с Втб',2,'[{\"changed\": {\"fields\": [\"\\u0411\\u0430\\u043b\\u0430\\u043d\\u0441 \\u043f\\u043e\\u0441\\u0442\\u0430\\u0432\\u0449\\u0438\\u043a\\u0430\"]}}]',16,15),(232,'2025-09-15 14:05:23.809670','125','ДИЗАЙНЕР ИП ОБМЕН - Р/с Втб',2,'[{\"changed\": {\"fields\": [\"\\u0411\\u0430\\u043b\\u0430\\u043d\\u0441 \\u043f\\u043e\\u0441\\u0442\\u0430\\u0432\\u0449\\u0438\\u043a\\u0430\"]}}]',16,15),(233,'2025-09-15 14:05:28.293492','124','ДИЗАЙНЕР ООО ОБМЕН - Р/с Втб',2,'[{\"changed\": {\"fields\": [\"\\u0411\\u0430\\u043b\\u0430\\u043d\\u0441 \\u043f\\u043e\\u0441\\u0442\\u0430\\u0432\\u0449\\u0438\\u043a\\u0430\"]}}]',16,15),(234,'2025-09-15 14:05:33.859272','123','ШкляевА - Карта физ Втб',2,'[{\"changed\": {\"fields\": [\"\\u0411\\u0430\\u043b\\u0430\\u043d\\u0441 \\u043f\\u043e\\u0441\\u0442\\u0430\\u0432\\u0449\\u0438\\u043a\\u0430\"]}}]',16,15),(235,'2025-09-15 14:05:38.633438','120','ИА ОБМЕН - Р/с Втб',2,'[{\"changed\": {\"fields\": [\"\\u0411\\u0430\\u043b\\u0430\\u043d\\u0441 \\u043f\\u043e\\u0441\\u0442\\u0430\\u0432\\u0449\\u0438\\u043a\\u0430\"]}}]',16,15),(236,'2025-09-15 14:05:43.319650','119','Георгий ОБМЕН - Р/с Втб',2,'[{\"changed\": {\"fields\": [\"\\u0411\\u0430\\u043b\\u0430\\u043d\\u0441 \\u043f\\u043e\\u0441\\u0442\\u0430\\u0432\\u0449\\u0438\\u043a\\u0430\"]}}]',16,15),(237,'2025-09-15 14:10:31.998591','3','Наличные',2,'[{\"changed\": {\"fields\": [\"\\u0411\\u0430\\u043b\\u0430\\u043d\\u0441\"]}}]',19,14),(238,'2025-09-15 14:10:49.783626','102','ДТ обмен - Карта физ Сбер',2,'[{\"changed\": {\"fields\": [\"\\u0411\\u0430\\u043b\\u0430\\u043d\\u0441 \\u043f\\u043e\\u0441\\u0442\\u0430\\u0432\\u0449\\u0438\\u043a\\u0430\"]}}]',16,15),(239,'2025-09-15 14:10:55.642245','104','ДТ обмен - Р/C Сбер',2,'[{\"changed\": {\"fields\": [\"\\u0411\\u0430\\u043b\\u0430\\u043d\\u0441 \\u043f\\u043e\\u0441\\u0442\\u0430\\u0432\\u0449\\u0438\\u043a\\u0430\"]}}]',16,15),(240,'2025-09-15 14:10:59.471869','105','ДТ обмен - Р/с Втб',2,'[{\"changed\": {\"fields\": [\"\\u0411\\u0430\\u043b\\u0430\\u043d\\u0441 \\u043f\\u043e\\u0441\\u0442\\u0430\\u0432\\u0449\\u0438\\u043a\\u0430\"]}}]',16,15),(241,'2025-09-15 14:11:02.578124','106','ДТ обмен - Карта физ Втб',2,'[{\"changed\": {\"fields\": [\"\\u0411\\u0430\\u043b\\u0430\\u043d\\u0441 \\u043f\\u043e\\u0441\\u0442\\u0430\\u0432\\u0449\\u0438\\u043a\\u0430\"]}}]',16,15),(242,'2025-09-15 14:11:09.218171','39','Соболев - Р/с Альфа',2,'[{\"changed\": {\"fields\": [\"\\u0411\\u0430\\u043b\\u0430\\u043d\\u0441 \\u043f\\u043e\\u0441\\u0442\\u0430\\u0432\\u0449\\u0438\\u043a\\u0430\"]}}]',16,15),(243,'2025-09-15 14:11:12.163249','40','Соболев - Р/с Втб',2,'[{\"changed\": {\"fields\": [\"\\u0411\\u0430\\u043b\\u0430\\u043d\\u0441 \\u043f\\u043e\\u0441\\u0442\\u0430\\u0432\\u0449\\u0438\\u043a\\u0430\"]}}]',16,15),(244,'2025-09-15 14:11:16.042417','42','Соболев - Карта физ Втб',2,'[{\"changed\": {\"fields\": [\"\\u0411\\u0430\\u043b\\u0430\\u043d\\u0441 \\u043f\\u043e\\u0441\\u0442\\u0430\\u0432\\u0449\\u0438\\u043a\\u0430\"]}}]',16,15),(245,'2025-09-15 14:11:21.671395','50','СоболевА - Р/C Сбер',2,'[{\"changed\": {\"fields\": [\"\\u0411\\u0430\\u043b\\u0430\\u043d\\u0441 \\u043f\\u043e\\u0441\\u0442\\u0430\\u0432\\u0449\\u0438\\u043a\\u0430\"]}}]',16,15),(246,'2025-09-15 14:11:24.627303','51','СоболевА - Р/с Втб',2,'[{\"changed\": {\"fields\": [\"\\u0411\\u0430\\u043b\\u0430\\u043d\\u0441 \\u043f\\u043e\\u0441\\u0442\\u0430\\u0432\\u0449\\u0438\\u043a\\u0430\"]}}]',16,15),(247,'2025-09-15 14:11:29.052535','57','Анфилатов И - Р/с Втб',2,'[{\"changed\": {\"fields\": [\"\\u0411\\u0430\\u043b\\u0430\\u043d\\u0441 \\u043f\\u043e\\u0441\\u0442\\u0430\\u0432\\u0449\\u0438\\u043a\\u0430\"]}}]',16,15),(248,'2025-09-15 14:11:32.009233','64','Карсакова - Р/с Втб',2,'[{\"changed\": {\"fields\": [\"\\u0411\\u0430\\u043b\\u0430\\u043d\\u0441 \\u043f\\u043e\\u0441\\u0442\\u0430\\u0432\\u0449\\u0438\\u043a\\u0430\"]}}]',16,15),(249,'2025-09-15 14:11:34.787095','71','Кайсина - Р/с Втб',2,'[{\"changed\": {\"fields\": [\"\\u0411\\u0430\\u043b\\u0430\\u043d\\u0441 \\u043f\\u043e\\u0441\\u0442\\u0430\\u0432\\u0449\\u0438\\u043a\\u0430\"]}}]',16,15),(250,'2025-09-15 14:11:38.305144','78','Азанова - Р/с Втб',2,'[{\"changed\": {\"fields\": [\"\\u0411\\u0430\\u043b\\u0430\\u043d\\u0441 \\u043f\\u043e\\u0441\\u0442\\u0430\\u0432\\u0449\\u0438\\u043a\\u0430\"]}}]',16,15),(251,'2025-09-15 14:11:43.510774','96','ШкляевА - Р/C Сбер',2,'[{\"changed\": {\"fields\": [\"\\u0411\\u0430\\u043b\\u0430\\u043d\\u0441 \\u043f\\u043e\\u0441\\u0442\\u0430\\u0432\\u0449\\u0438\\u043a\\u0430\"]}}]',16,15),(252,'2025-09-15 14:11:46.460390','97','ШкляевА - Р/с Втб',2,'[{\"changed\": {\"fields\": [\"\\u0411\\u0430\\u043b\\u0430\\u043d\\u0441 \\u043f\\u043e\\u0441\\u0442\\u0430\\u0432\\u0449\\u0438\\u043a\\u0430\"]}}]',16,15),(253,'2025-09-15 14:11:49.335932','98','Бармин - Карта физ Втб',2,'[{\"changed\": {\"fields\": [\"\\u0411\\u0430\\u043b\\u0430\\u043d\\u0441 \\u043f\\u043e\\u0441\\u0442\\u0430\\u0432\\u0449\\u0438\\u043a\\u0430\"]}}]',16,15),(254,'2025-09-15 14:11:54.096784','26','Пестов - Карта физ Сбер',2,'[{\"changed\": {\"fields\": [\"\\u0411\\u0430\\u043b\\u0430\\u043d\\u0441 \\u043f\\u043e\\u0441\\u0442\\u0430\\u0432\\u0449\\u0438\\u043a\\u0430\"]}}]',16,15),(255,'2025-09-15 14:11:57.834133','28','Пестов - Р/C Сбер',2,'[{\"changed\": {\"fields\": [\"\\u0411\\u0430\\u043b\\u0430\\u043d\\u0441 \\u043f\\u043e\\u0441\\u0442\\u0430\\u0432\\u0449\\u0438\\u043a\\u0430\"]}}]',16,15),(256,'2025-09-15 14:12:03.405061','34','Шкляев - Р/с Втб',2,'[{\"changed\": {\"fields\": [\"\\u0411\\u0430\\u043b\\u0430\\u043d\\u0441 \\u043f\\u043e\\u0441\\u0442\\u0430\\u0432\\u0449\\u0438\\u043a\\u0430\"]}}]',16,15),(257,'2025-09-15 14:12:06.268669','35','Шкляев - Карта физ Втб',2,'[{\"changed\": {\"fields\": [\"\\u0411\\u0430\\u043b\\u0430\\u043d\\u0441 \\u043f\\u043e\\u0441\\u0442\\u0430\\u0432\\u0449\\u0438\\u043a\\u0430\"]}}]',16,15),(258,'2025-09-15 14:12:12.824552','23','Коваль - Р/C Сбер',2,'[{\"changed\": {\"fields\": [\"\\u0411\\u0430\\u043b\\u0430\\u043d\\u0441 \\u043f\\u043e\\u0441\\u0442\\u0430\\u0432\\u0449\\u0438\\u043a\\u0430\"]}}]',16,15),(259,'2025-09-15 14:12:15.616575','24','Коваль - Р/с Альфа',2,'[{\"changed\": {\"fields\": [\"\\u0411\\u0430\\u043b\\u0430\\u043d\\u0441 \\u043f\\u043e\\u0441\\u0442\\u0430\\u0432\\u0449\\u0438\\u043a\\u0430\"]}}]',16,15),(260,'2025-09-15 14:15:31.733087','23','Коваль - Р/C Сбер',2,'[{\"changed\": {\"fields\": [\"\\u0411\\u0430\\u043b\\u0430\\u043d\\u0441 \\u043f\\u043e\\u0441\\u0442\\u0430\\u0432\\u0449\\u0438\\u043a\\u0430\"]}}]',16,15),(261,'2025-09-15 14:15:40.585118','24','Коваль - Р/с Альфа',2,'[{\"changed\": {\"fields\": [\"\\u0411\\u0430\\u043b\\u0430\\u043d\\u0441 \\u043f\\u043e\\u0441\\u0442\\u0430\\u0432\\u0449\\u0438\\u043a\\u0430\"]}}]',16,15),(262,'2025-09-15 14:16:20.285047','18','Зорин - Р/С Хлынов',2,'[{\"changed\": {\"fields\": [\"\\u0411\\u0430\\u043b\\u0430\\u043d\\u0441 \\u043f\\u043e\\u0441\\u0442\\u0430\\u0432\\u0449\\u0438\\u043a\\u0430\"]}}]',16,15),(263,'2025-09-15 14:16:28.656576','8','Зорин - Р/с Втб',2,'[{\"changed\": {\"fields\": [\"\\u0411\\u0430\\u043b\\u0430\\u043d\\u0441 \\u043f\\u043e\\u0441\\u0442\\u0430\\u0432\\u0449\\u0438\\u043a\\u0430\"]}}]',16,15),(264,'2025-09-15 14:16:35.117476','7','Зорин - Р/с Авангард',2,'[{\"changed\": {\"fields\": [\"\\u0411\\u0430\\u043b\\u0430\\u043d\\u0441 \\u043f\\u043e\\u0441\\u0442\\u0430\\u0432\\u0449\\u0438\\u043a\\u0430\"]}}]',16,15),(265,'2025-09-15 14:16:54.101933','17','Зорин - Карта физ Авангард',2,'[{\"changed\": {\"fields\": [\"\\u0411\\u0430\\u043b\\u0430\\u043d\\u0441 \\u043f\\u043e\\u0441\\u0442\\u0430\\u0432\\u0449\\u0438\\u043a\\u0430\"]}}]',16,15),(266,'2025-09-15 14:17:21.805102','1','Бармин - Р/C Сбер',2,'[{\"changed\": {\"fields\": [\"\\u0411\\u0430\\u043b\\u0430\\u043d\\u0441 \\u043f\\u043e\\u0441\\u0442\\u0430\\u0432\\u0449\\u0438\\u043a\\u0430\"]}}]',16,15),(267,'2025-09-15 14:17:28.932130','3','Бармин - Р/с Втб',2,'[{\"changed\": {\"fields\": [\"\\u0411\\u0430\\u043b\\u0430\\u043d\\u0441 \\u043f\\u043e\\u0441\\u0442\\u0430\\u0432\\u0449\\u0438\\u043a\\u0430\"]}}]',16,15),(268,'2025-09-15 14:17:41.270345','2','Бармин - Р/с Авангард',2,'[{\"changed\": {\"fields\": [\"\\u0411\\u0430\\u043b\\u0430\\u043d\\u0441 \\u043f\\u043e\\u0441\\u0442\\u0430\\u0432\\u0449\\u0438\\u043a\\u0430\"]}}]',16,15),(269,'2025-09-15 14:17:49.613827','13','Бармин - Карта физ Авангард',2,'[{\"changed\": {\"fields\": [\"\\u0411\\u0430\\u043b\\u0430\\u043d\\u0441 \\u043f\\u043e\\u0441\\u0442\\u0430\\u0432\\u0449\\u0438\\u043a\\u0430\"]}}]',16,15),(270,'2025-09-15 14:18:08.392989','28','Пестов - Р/C Сбер',2,'[{\"changed\": {\"fields\": [\"\\u0411\\u0430\\u043b\\u0430\\u043d\\u0441 \\u043f\\u043e\\u0441\\u0442\\u0430\\u0432\\u0449\\u0438\\u043a\\u0430\"]}}]',16,15),(271,'2025-09-15 14:18:33.072019','34','Шкляев - Р/с Втб',2,'[{\"changed\": {\"fields\": [\"\\u0411\\u0430\\u043b\\u0430\\u043d\\u0441 \\u043f\\u043e\\u0441\\u0442\\u0430\\u0432\\u0449\\u0438\\u043a\\u0430\"]}}]',16,15),(272,'2025-09-15 14:18:57.158215','39','Соболев - Р/с Альфа',2,'[{\"changed\": {\"fields\": [\"\\u0411\\u0430\\u043b\\u0430\\u043d\\u0441 \\u043f\\u043e\\u0441\\u0442\\u0430\\u0432\\u0449\\u0438\\u043a\\u0430\"]}}]',16,15),(273,'2025-09-15 14:19:03.949128','40','Соболев - Р/с Втб',2,'[{\"changed\": {\"fields\": [\"\\u0411\\u0430\\u043b\\u0430\\u043d\\u0441 \\u043f\\u043e\\u0441\\u0442\\u0430\\u0432\\u0449\\u0438\\u043a\\u0430\"]}}]',16,15),(274,'2025-09-15 14:19:29.969143','96','ШкляевА - Р/C Сбер',2,'[{\"changed\": {\"fields\": [\"\\u0411\\u0430\\u043b\\u0430\\u043d\\u0441 \\u043f\\u043e\\u0441\\u0442\\u0430\\u0432\\u0449\\u0438\\u043a\\u0430\"]}}]',16,15),(275,'2025-09-15 14:19:40.482142','97','ШкляевА - Р/с Втб',2,'[{\"changed\": {\"fields\": [\"\\u0411\\u0430\\u043b\\u0430\\u043d\\u0441 \\u043f\\u043e\\u0441\\u0442\\u0430\\u0432\\u0449\\u0438\\u043a\\u0430\"]}}]',16,15),(276,'2025-09-15 14:19:58.035972','5','Вавилов - Р/с Втб',2,'[{\"changed\": {\"fields\": [\"\\u0411\\u0430\\u043b\\u0430\\u043d\\u0441 \\u043f\\u043e\\u0441\\u0442\\u0430\\u0432\\u0449\\u0438\\u043a\\u0430\"]}}]',16,15),(277,'2025-09-15 14:20:08.406920','4','Вавилов - Р/C Сбер',2,'[{\"changed\": {\"fields\": [\"\\u0411\\u0430\\u043b\\u0430\\u043d\\u0441 \\u043f\\u043e\\u0441\\u0442\\u0430\\u0432\\u0449\\u0438\\u043a\\u0430\"]}}]',16,15),(278,'2025-09-15 14:20:24.171483','51','СоболевА - Р/с Втб',2,'[{\"changed\": {\"fields\": [\"\\u0411\\u0430\\u043b\\u0430\\u043d\\u0441 \\u043f\\u043e\\u0441\\u0442\\u0430\\u0432\\u0449\\u0438\\u043a\\u0430\"]}}]',16,15),(279,'2025-09-15 14:20:30.370368','50','СоболевА - Р/C Сбер',2,'[{\"changed\": {\"fields\": [\"\\u0411\\u0430\\u043b\\u0430\\u043d\\u0441 \\u043f\\u043e\\u0441\\u0442\\u0430\\u0432\\u0449\\u0438\\u043a\\u0430\"]}}]',16,15),(280,'2025-09-15 14:20:49.026897','98','Бармин - Карта физ Втб',2,'[{\"changed\": {\"fields\": [\"\\u0411\\u0430\\u043b\\u0430\\u043d\\u0441 \\u043f\\u043e\\u0441\\u0442\\u0430\\u0432\\u0449\\u0438\\u043a\\u0430\"]}}]',16,15),(281,'2025-09-15 14:21:12.499891','7','Зорин - Р/с Авангард',2,'[{\"changed\": {\"fields\": [\"\\u0411\\u0430\\u043b\\u0430\\u043d\\u0441 \\u043f\\u043e\\u0441\\u0442\\u0430\\u0432\\u0449\\u0438\\u043a\\u0430\"]}}]',16,15),(282,'2025-09-15 15:07:03.610761','98','Бармин - Карта физ Втб',2,'[{\"changed\": {\"fields\": [\"\\u0411\\u0430\\u043b\\u0430\\u043d\\u0441 \\u043f\\u043e\\u0441\\u0442\\u0430\\u0432\\u0449\\u0438\\u043a\\u0430\"]}}]',16,15),(283,'2025-09-15 15:08:37.364575','24','Взнос Инвестор 1',2,'[{\"changed\": {\"fields\": [\"\\u041d\\u0430\\u0437\\u0432\\u0430\\u043d\\u0438\\u0435\"]}}]',15,15),(284,'2025-09-15 15:08:43.202215','25','Взнос Инвестор 2',2,'[{\"changed\": {\"fields\": [\"\\u041d\\u0430\\u0437\\u0432\\u0430\\u043d\\u0438\\u0435\"]}}]',15,15),(285,'2025-09-15 15:08:58.929660','114','Ввод остатков: 800000 р. (Р/C Сбер)',3,'',23,15),(286,'2025-09-15 15:09:04.096620','42','Ввод остатков: 200000 р. (Р/с Втб)',3,'',23,15),(287,'2025-09-15 15:09:08.673200','9','Ввод остатков: 30000 р. (Р/с Втб)',3,'',23,15),(288,'2025-09-15 15:09:13.158458','10','Ввод остатков: 93000 р. (Р/с Втб)',3,'',23,15),(289,'2025-09-15 15:09:16.350371','46','Ввод остатков: 6630 р. (Р/с Втб)',3,'',23,15),(290,'2025-09-15 15:09:20.319258','3','Ввод остатков',3,'',15,15),(291,'2025-09-15 15:22:37.116081','10','Transaction object (10)',2,'[{\"changed\": {\"fields\": [\"\\u0412\\u043e\\u0437\\u0432\\u0440\\u0430\\u0449\\u0435\\u043d\\u043e\"]}}]',18,15),(292,'2025-09-15 15:30:38.484225','9','Транзакция 9 - 650000 р., клиент: Стройлайт, поставщик: Пыхтеев',2,'[{\"changed\": {\"fields\": [\"\\u0412\\u043e\\u0437\\u0432\\u0440\\u0430\\u0449\\u0435\\u043d\\u043e\"]}}]',18,15),(293,'2025-09-15 15:30:42.927659','7','Транзакция 7 - 152400 р., клиент: Стройлайт, поставщик: Пыхтеев',2,'[{\"changed\": {\"fields\": [\"\\u0412\\u043e\\u0437\\u0432\\u0440\\u0430\\u0449\\u0435\\u043d\\u043e\"]}}]',18,15),(294,'2025-09-15 15:30:58.305526','10','Транзакция 10 - 1103800 р., клиент: Семирот, поставщик: Анфилатов И',2,'[{\"changed\": {\"fields\": [\"\\u0412\\u043e\\u0437\\u0432\\u0440\\u0430\\u0449\\u0435\\u043d\\u043e\"]}}]',18,15),(295,'2025-09-15 15:32:42.319703','4','Вавилов - Р/C Сбер',2,'[{\"changed\": {\"fields\": [\"\\u0411\\u0430\\u043b\\u0430\\u043d\\u0441 \\u043f\\u043e\\u0441\\u0442\\u0430\\u0432\\u0449\\u0438\\u043a\\u0430\"]}}]',16,15),(296,'2025-09-15 15:33:04.755064','34','Шкляев - Р/с Втб',2,'[{\"changed\": {\"fields\": [\"\\u0411\\u0430\\u043b\\u0430\\u043d\\u0441 \\u043f\\u043e\\u0441\\u0442\\u0430\\u0432\\u0449\\u0438\\u043a\\u0430\"]}}]',16,15),(297,'2025-09-15 15:33:29.520763','40','Соболев - Р/с Втб',2,'[{\"changed\": {\"fields\": [\"\\u0411\\u0430\\u043b\\u0430\\u043d\\u0441 \\u043f\\u043e\\u0441\\u0442\\u0430\\u0432\\u0449\\u0438\\u043a\\u0430\"]}}]',16,15),(298,'2025-09-16 06:34:53.537202','3','Наличные',2,'[{\"changed\": {\"fields\": [\"\\u0411\\u0430\\u043b\\u0430\\u043d\\u0441\"]}}]',19,14),(299,'2025-09-16 08:23:09.886949','95','Перевод 135000 р. от Костицын - Р/с Втб к Костицын - Наличные',3,'',21,14),(300,'2025-09-16 08:23:50.388498','152','Костицын - Р/с Втб',2,'[{\"changed\": {\"fields\": [\"\\u0411\\u0430\\u043b\\u0430\\u043d\\u0441 \\u043f\\u043e\\u0441\\u0442\\u0430\\u0432\\u0449\\u0438\\u043a\\u0430\"]}}]',16,14),(301,'2025-09-16 08:34:30.242312','12','Зп карта',1,'[{\"added\": {}}]',19,15),(302,'2025-09-16 08:34:46.401110','160','Бармин - Зп карта',1,'[{\"added\": {}}]',16,15),(303,'2025-09-16 08:34:51.978135','161','Вавилов - Зп карта',1,'[{\"added\": {}}]',16,15),(304,'2025-09-16 08:34:58.130666','162','Зорин - Зп карта',1,'[{\"added\": {}}]',16,15),(305,'2025-09-16 08:35:02.469627','163','Пыхтеев - Зп карта',1,'[{\"added\": {}}]',16,15),(306,'2025-09-16 08:35:07.624241','164','Коваль - Зп карта',1,'[{\"added\": {}}]',16,15),(307,'2025-09-16 08:35:14.069573','165','Пестов - Зп карта',1,'[{\"added\": {}}]',16,15),(308,'2025-09-16 08:35:20.207961','166','Шкляев - Зп карта',1,'[{\"added\": {}}]',16,15),(309,'2025-09-16 08:35:29.239736','167','Соболев - Зп карта',1,'[{\"added\": {}}]',16,15),(310,'2025-09-16 08:35:37.368477','168','Кошевая  - Зп карта',1,'[{\"added\": {}}]',16,15),(311,'2025-09-16 08:35:45.256350','169','СоболевА - Зп карта',1,'[{\"added\": {}}]',16,15),(312,'2025-09-16 08:35:52.615109','170','Анфилатов И - Зп карта',1,'[{\"added\": {}}]',16,15),(313,'2025-09-16 08:36:07.582223','171','Карсакова - Зп карта',1,'[{\"added\": {}}]',16,15),(314,'2025-09-16 08:36:18.578322','172','Кайсина - Зп карта',1,'[{\"added\": {}}]',16,15),(315,'2025-09-16 08:36:26.251215','173','Азанова - Зп карта',1,'[{\"added\": {}}]',16,15),(316,'2025-09-16 08:36:32.563294','174','Катаев - Зп карта',1,'[{\"added\": {}}]',16,15),(317,'2025-09-16 08:36:41.527645','175','Анфилатова Е - Зп карта',1,'[{\"added\": {}}]',16,15),(318,'2025-09-16 08:36:46.599735','176','ШкляевА - Зп карта',1,'[{\"added\": {}}]',16,15),(319,'2025-09-16 08:36:51.178715','177','ДТ обмен - Зп карта',1,'[{\"added\": {}}]',16,15),(320,'2025-09-16 08:36:55.047748','178','Георгий ОБМЕН - Зп карта',1,'[{\"added\": {}}]',16,15),(321,'2025-09-16 08:37:05.978227','179','ИА ОБМЕН - Зп карта',1,'[{\"added\": {}}]',16,15),(322,'2025-09-16 08:37:10.912520','180','ДИЗАЙНЕР ООО ОБМЕН - Зп карта',1,'[{\"added\": {}}]',16,15),(323,'2025-09-16 08:37:15.848194','181','ДИЗАЙНЕР ИП ОБМЕН - Зп карта',1,'[{\"added\": {}}]',16,15),(324,'2025-09-16 08:37:20.110680','182','Артём Х11 - Зп карта',1,'[{\"added\": {}}]',16,15),(325,'2025-09-16 08:37:24.179852','183','Георгий - Зп карта',1,'[{\"added\": {}}]',16,15),(326,'2025-09-16 08:37:33.285835','184','Фефилов - Зп карта',1,'[{\"added\": {}}]',16,15),(327,'2025-09-16 08:37:39.106160','185','Свечникова - Зп карта',1,'[{\"added\": {}}]',16,15),(328,'2025-09-16 08:37:44.100957','186','Максим Автобусы - Зп карта',1,'[{\"added\": {}}]',16,15),(329,'2025-09-16 08:37:47.787970','187','Гагик - Зп карта',1,'[{\"added\": {}}]',16,15),(330,'2025-09-16 08:37:52.087396','188','Саша Нагорничных - Зп карта',1,'[{\"added\": {}}]',16,15),(331,'2025-09-16 08:37:55.800507','189','Шабалин - Зп карта',1,'[{\"added\": {}}]',16,15),(332,'2025-09-16 08:37:59.318802','190','Костицын - Зп карта',1,'[{\"added\": {}}]',16,15);
/*!40000 ALTER TABLE `django_admin_log` ENABLE KEYS */;
UNLOCK TABLES;

--
-- Table structure for table `django_content_type`
--

DROP TABLE IF EXISTS `django_content_type`;
/*!40101 SET @saved_cs_client     = @@character_set_client */;
/*!50503 SET character_set_client = utf8mb4 */;
CREATE TABLE `django_content_type` (
  `id` int NOT NULL AUTO_INCREMENT,
  `app_label` varchar(100) NOT NULL,
  `model` varchar(100) NOT NULL,
  PRIMARY KEY (`id`),
  UNIQUE KEY `django_content_type_app_label_model_76bd3d3b_uniq` (`app_label`,`model`)
) ENGINE=InnoDB AUTO_INCREMENT=25 DEFAULT CHARSET=utf8mb3;
/*!40101 SET character_set_client = @saved_cs_client */;

--
-- Dumping data for table `django_content_type`
--

LOCK TABLES `django_content_type` WRITE;
/*!40000 ALTER TABLE `django_content_type` DISABLE KEYS */;
INSERT INTO `django_content_type` VALUES (1,'admin','logentry'),(3,'auth','group'),(2,'auth','permission'),(4,'contenttypes','contenttype'),(19,'main','account'),(10,'main','accounttype'),(11,'main','balancedata'),(12,'main','branch'),(23,'main','cashflow'),(13,'main','client'),(14,'main','investor'),(20,'main','investordebtoperation'),(21,'main','moneytransfer'),(22,'main','monthlycapital'),(15,'main','paymentpurpose'),(24,'main','supplier'),(16,'main','supplieraccount'),(17,'main','supplierdebtrepayment'),(18,'main','transaction'),(5,'sessions','session'),(6,'users','siteblock'),(8,'users','user'),(7,'users','usertype'),(9,'users','webauthncredential');
/*!40000 ALTER TABLE `django_content_type` ENABLE KEYS */;
UNLOCK TABLES;

--
-- Table structure for table `django_migrations`
--

DROP TABLE IF EXISTS `django_migrations`;
/*!40101 SET @saved_cs_client     = @@character_set_client */;
/*!50503 SET character_set_client = utf8mb4 */;
CREATE TABLE `django_migrations` (
  `id` bigint NOT NULL AUTO_INCREMENT,
  `app` varchar(255) NOT NULL,
  `name` varchar(255) NOT NULL,
  `applied` datetime(6) NOT NULL,
  PRIMARY KEY (`id`)
) ENGINE=InnoDB AUTO_INCREMENT=40 DEFAULT CHARSET=utf8mb3;
/*!40101 SET character_set_client = @saved_cs_client */;

--
-- Dumping data for table `django_migrations`
--

LOCK TABLES `django_migrations` WRITE;
/*!40000 ALTER TABLE `django_migrations` DISABLE KEYS */;
INSERT INTO `django_migrations` VALUES (3,'contenttypes','0001_initial','2025-08-28 09:44:40.258168'),(7,'contenttypes','0002_remove_content_type_name','2025-08-28 09:44:41.063633'),(8,'auth','0001_initial','2025-08-28 09:44:41.748568'),(9,'auth','0002_alter_permission_name_max_length','2025-08-28 09:44:42.005152'),(10,'auth','0003_alter_user_email_max_length','2025-08-28 09:44:42.059099'),(11,'auth','0004_alter_user_username_opts','2025-08-28 09:44:42.122980'),(12,'auth','0005_alter_user_last_login_null','2025-08-28 09:44:42.151870'),(13,'auth','0006_require_contenttypes_0002','2025-08-28 09:44:42.167729'),(14,'auth','0007_alter_validators_add_error_messages','2025-08-28 09:44:42.190634'),(15,'auth','0008_alter_user_username_max_length','2025-08-28 09:44:42.211503'),(16,'auth','0009_alter_user_last_name_max_length','2025-08-28 09:44:42.228806'),(17,'auth','0010_alter_group_name_max_length','2025-08-28 09:44:42.415341'),(18,'auth','0011_update_proxy_permissions','2025-08-28 09:44:42.544520'),(19,'auth','0012_alter_user_first_name_max_length','2025-08-28 09:44:42.564640'),(21,'sessions','0001_initial','2025-08-28 09:44:44.177802'),(28,'main','0001_initial','2025-08-28 09:50:58.023641'),(29,'users','0001_initial','2025-08-28 09:50:58.597019'),(30,'admin','0001_initial','2025-08-28 09:50:58.841799'),(31,'admin','0002_logentry_remove_auto_add','2025-08-28 09:50:58.857574'),(32,'admin','0003_logentry_add_action_flag_choices','2025-08-28 09:50:58.871910'),(33,'main','0002_initial','2025-08-28 09:51:00.235113'),(34,'users','0002_remove_user_supplier_user_branch','2025-08-29 07:14:44.146798'),(35,'main','0003_moneytransfer_transfer_type','2025-09-02 11:26:52.696327'),(36,'main','0004_moneytransfer_is_counted','2025-09-03 14:11:56.711834'),(37,'main','0005_moneytransfer_is_completed','2025-09-03 14:11:56.774233'),(38,'main','0006_supplier_visible_in_summary','2025-09-05 08:43:12.153048'),(39,'main','0007_remove_supplierdebtrepayment_transaction','2025-09-05 13:40:01.447713');
/*!40000 ALTER TABLE `django_migrations` ENABLE KEYS */;
UNLOCK TABLES;

--
-- Table structure for table `django_session`
--

DROP TABLE IF EXISTS `django_session`;
/*!40101 SET @saved_cs_client     = @@character_set_client */;
/*!50503 SET character_set_client = utf8mb4 */;
CREATE TABLE `django_session` (
  `session_key` varchar(40) NOT NULL,
  `session_data` longtext NOT NULL,
  `expire_date` datetime(6) NOT NULL,
  PRIMARY KEY (`session_key`),
  KEY `django_session_expire_date_a5c62663` (`expire_date`)
) ENGINE=InnoDB DEFAULT CHARSET=utf8mb3;
/*!40101 SET character_set_client = @saved_cs_client */;

--
-- Dumping data for table `django_session`
--

LOCK TABLES `django_session` WRITE;
/*!40000 ALTER TABLE `django_session` DISABLE KEYS */;
INSERT INTO `django_session` VALUES ('1cigxulnmaikwc0yojgc19awumlib8im','.eJxVjDsOwjAQBe_iGlmx8fpDSZ8zWLveDQ6gRIqTCnF3iJQC2jcz76UybmvNW5Mlj6wuyoA6_Y6E5SHTTviO023WZZ7WZSS9K_qgTfczy_N6uH8HFVv91o64GxgC2mSCLSUAxegBhE0gMOSjw4idQEmJrQESdwZ0SeKAFMWr9wcKKjhI:1uvWRT:S0k1PLSStnXqmLbW5UIu7uXAN8AQiz2TREAKcJoiies','2025-10-08 07:37:35.500683'),('1zdi8t9crq0jvmysouwmf01ly6uu4xqg','.eJxVjMsOwiAQRf-FtSEw8igu3fcbyDAMUjU0Ke3K-O_apAvd3nPOfYmI21rj1nmJUxYXYcTpd0tID247yHdst1nS3NZlSnJX5EG7HOfMz-vh_h1U7PVbK6e4BF9KUhjswGRM8G5gpTKGswbwxKSdJkougU8EFgkQMBRNoKx4fwDrdzgi:1utLzt:YBQGdZRK3_HnSij7Sk4i4nq5i-cBBgo2uEvjd5l66jE','2025-10-02 08:04:09.001392'),('213j1ebiqfi49q7ybjtg35f0hryo07xv','.eJxVjMsOwiAQRf-FtSEw8igu3fcbyDAMUjU0Ke3K-O_apAvd3nPOfYmI21rj1nmJUxYXYcTpd0tID247yHdst1nS3NZlSnJX5EG7HOfMz-vh_h1U7PVbK6e4BF9KUhjswGRM8G5gpTKGswbwxKSdJkougU8EFgkQMBRNoKx4fwDrdzgi:1utLzw:h8lbAKuOmhExO5_NS8sJV9Cw29uK634o2FM_ZUARBTI','2025-10-02 08:04:12.650026'),('46mo68mgdxep3m7k4n9hixwg22x858cb','.eJxVjDsOwjAQBe_iGln4E8mmpOcM1r71GgeQLeVTRdwdIqWA9s3M21SidalpnWVKY1YX5dTpdwPxU9oO8oPavWvubZlG6F3RB531rWd5XQ_376DSXL81IgeJjDPIOlMsWDgEHzhmgUTxbF2EGWAcDIJkMNlS2GcavESo9wckPzne:1uu3dR:vqTLOEy0h4qvzRWlYD3VBs8qk_FMaWDRxx75X3cjyz8','2025-10-04 06:39:53.064360'),('6tmt9hvbwswuxeugoptey27f376cq8vs','.eJxVjMsOwiAQRf-FtSEw8igu3fcbyDAMUjU0Ke3K-O_apAvd3nPOfYmI21rj1nmJUxYXYcTpd0tID247yHdst1nS3NZlSnJX5EG7HOfMz-vh_h1U7PVbK6e4BF9KUhjswGRM8G5gpTKGswbwxKSdJkougU8EFgkQMBRNoKx4fwDrdzgi:1uvVWP:PoiRnQRceje_qGh0FqIT5AcJWUbzuG1ZeJza2BHG9Gc','2025-10-08 06:38:37.999225'),('76yxr7yajmiukvlxfh2smjigqv4wv4sr','.eJxVjMsOwiAQRf-FtSEw8igu3fcbyDAMUjU0Ke3K-O_apAvd3nPOfYmI21rj1nmJUxYXYcTpd0tID247yHdst1nS3NZlSnJX5EG7HOfMz-vh_h1U7PVbK6e4BF9KUhjswGRM8G5gpTKGswbwxKSdJkougU8EFgkQMBRNoKx4fwDrdzgi:1utM02:LOfCWyL7urWz9jmilmtDrIzYciCkzXR_fu_3ZjPPbso','2025-10-02 08:04:18.702798'),('av1mlfgauvn76rlukimnvpu8dfrq5y37','.eJxVjMsOwiAQRf-FtSEw8igu3fcbyDAMUjU0Ke3K-O_apAvd3nPOfYmI21rj1nmJUxYXYcTpd0tID247yHdst1nS3NZlSnJX5EG7HOfMz-vh_h1U7PVbK6e4BF9KUhjswGRM8G5gpTKGswbwxKSdJkougU8EFgkQMBRNoKx4fwDrdzgi:1uu4Dh:fbvHyizRAHtPTzUlGXAUIbPepuNiBtQxdSvnYNCRKyU','2025-10-04 07:17:21.242322'),('b4hoyhnvzry8dogdkcrumlps6ltmdzup','.eJxVjDsOwjAQBe_iGllx1p-Fkj5nsNafxQFkS3FSIe4OkVJA-2bmvYSnbS1-63nxcxIXYcXpdwsUH7nuIN2p3pqMra7LHOSuyIN2ObWUn9fD_Tso1Mu3jilpQ8kRclagiN2oHGttNBk6s4qAiJENYmC2AGzDgA60cXnkPIB4fwD-gTgc:1uuQXi:CdOLojspwUdEOVUK_baaIltz993kNkeuxQdDtImS9wU','2025-10-05 07:07:30.236257'),('bduhi9o1a2bssnfpzsjlsegndhwxz32l','.eJxVjDsOwjAQBe_iGln4E8mmpOcM1r71GgeQLeVTRdwdIqWA9s3M21SidalpnWVKY1YX5dTpdwPxU9oO8oPavWvubZlG6F3RB531rWd5XQ_376DSXL81IgeJjDPIOlMsWDgEHzhmgUTxbF2EGWAcDIJkMNlS2GcavESo9wckPzne:1uu3bi:HnvrBwBlMazHzzM8eYQXKP5VSb5Ti2aqz1OXop6s_mw','2025-10-04 06:38:06.440824'),('bessbu60z1zlf9d07htthb9do46zxigp','.eJxVjMsOwiAQRf-FtSFDCwPj0r3fQIZHbdVAUtqV8d-VpAvd3nPOfQnP-zb7veXVL0mchUJx-h0Dx0cunaQ7l1uVsZZtXYLsijxok9ea8vNyuH8HM7e51wQEbkQeISYkcgkcUQRLlL9MDZiitiYyDJknYxRoYzWbMCHioEi8P-T4Nv4:1utoA0:-hYTXQmO_vwr0sn_7-q0veJh5Jvp97cX8j0EYPYSnVA','2025-10-03 14:08:28.791481'),('bgmdfm86m9nov1asn24bs97u0rrhi5nb','.eJxVjMsOwiAQRf-FtSEw8igu3fcbyDAMUjU0Ke3K-O_apAvd3nPOfYmI21rj1nmJUxYXYcTpd0tID247yHdst1nS3NZlSnJX5EG7HOfMz-vh_h1U7PVbK6e4BF9KUhjswGRM8G5gpTKGswbwxKSdJkougU8EFgkQMBRNoKx4fwDrdzgi:1utM07:zvHYWZOP5lywz9GyxeZtMoMetANHQfTBi7scykC46H4','2025-10-02 08:04:23.270532'),('bgza7zyss7hfp55qi375dnq9g45uctpp','.eJxVjMsOwiAQRf-FtSFDCwPj0r3fQIZHbdVAUtqV8d-VpAvd3nPOfQnP-zb7veXVL0mchUJx-h0Dx0cunaQ7l1uVsZZtXYLsijxok9ea8vNyuH8HM7e51wQEbkQeISYkcgkcUQRLlL9MDZiitiYyDJknYxRoYzWbMCHioEi8P-T4Nv4:1utoGi:6wpBeOak7FvSzR7iCXA526i1JTDnWiIc7d5D5Hckh2k','2025-10-03 14:15:24.292743'),('c1m81ki2awb7jrwdxjkgenphhq2chuz1','.eJxVjDsOwjAQBe_iGlmx8fpDSZ8zWLveDQ6gRIqTCnF3iJQC2jcz76UybmvNW5Mlj6wuyoA6_Y6E5SHTTviO023WZZ7WZSS9K_qgTfczy_N6uH8HFVv91o64GxgC2mSCLSUAxegBhE0gMOSjw4idQEmJrQESdwZ0SeKAFMWr9wcKKjhI:1uy8lF:E0cVWuqFBUj4_g57g96r-OrKge4uqeMHwouOa7K10lQ','2025-10-15 12:56:49.367416'),('cflp22fh9mkoxt5qqacofp40ltojvmeq','.eJxVjDsOwyAQBe9CHSHAfFOm9xnQsizBSYQlY1dR7h5bcpG0b2bem0XY1hq3TkucMrsyqdnld0yAT2oHyQ9o95nj3NZlSvxQ-Ek7H-dMr9vp_h1U6HWvrUrKyQIoShBZiQDCkSHhAzmNKEUeXDHGERhUuwK-QLGmIA2aPFr2-QIMdDic:1utMA1:lUp9zRHESmO985lA3eIZ-eiyIAgEmOiVTh4wPpO3FXo','2025-10-02 08:14:37.983592'),('cl3temjjg511f5xm6kt2c7uilndbgh0h','.eJxVjDsOwjAQBe_iGlmx8fpDSZ8zWLveDQ6gRIqTCnF3iJQC2jcz76UybmvNW5Mlj6wuyoA6_Y6E5SHTTviO023WZZ7WZSS9K_qgTfczy_N6uH8HFVv91o64GxgC2mSCLSUAxegBhE0gMOSjw4idQEmJrQESdwZ0SeKAFMWr9wcKKjhI:1utMAX:-cLlGGED5dNYCA7XeadDZ1KIlG19AyqJ44nwgn1byZc','2025-10-02 08:15:09.994647'),('eyri8qszc75i4zw34mbqtdgm8w34ex11','.eJxVjDsOwjAQBe_iGln4E8mmpOcM1r71GgeQLeVTRdwdIqWA9s3M21SidalpnWVKY1YX5dTpdwPxU9oO8oPavWvubZlG6F3RB531rWd5XQ_376DSXL81IgeJjDPIOlMsWDgEHzhmgUTxbF2EGWAcDIJkMNlS2GcavESo9wckPzne:1uu3Y1:vSdjqmUU8hrRUzXYKNlr0lNb_4CzfFHlnkohautxg4c','2025-10-04 06:34:17.743695'),('goj1xef44v6wrmg7dheav1v44x109jxi','.eJxVjDsOwjAQBe_iGlmx8fpDSZ8zWLveDQ6gRIqTCnF3iJQC2jcz76UybmvNW5Mlj6wuyoA6_Y6E5SHTTviO023WZZ7WZSS9K_qgTfczy_N6uH8HFVv91o64GxgC2mSCLSUAxegBhE0gMOSjw4idQEmJrQESdwZ0SeKAFMWr9wcKKjhI:1uvKBv:E4VGNClBZ_VmEsGdJ_bfhw5gVv3Gb5KuM-30xmsURTQ','2025-10-07 18:32:43.216444'),('l0waxrdkp03w3cspsnfdfkphxhink92g','.eJxVjDsOwjAQBe_iGllx1p-Fkj5nsNafxQFkS3FSIe4OkVJA-2bmvYSnbS1-63nxcxIXYcXpdwsUH7nuIN2p3pqMra7LHOSuyIN2ObWUn9fD_Tso1Mu3jilpQ8kRclagiN2oHGttNBk6s4qAiJENYmC2AGzDgA60cXnkPIB4fwD-gTgc:1ux8Dp:z3ElGc_Qjwtt6Eq1lLxws6-doVldaOjdYGckK1jo2Yw','2025-10-12 18:10:09.453269'),('nzyz7bou47tetuaii8ytrze4l47jw5z3','.eJxVjDsOwyAQBe9CHSHAfFOm9xnQsizBSYQlY1dR7h5bcpG0b2bem0XY1hq3TkucMrsyqdnld0yAT2oHyQ9o95nj3NZlSvxQ-Ek7H-dMr9vp_h1U6HWvrUrKyQIoShBZiQDCkSHhAzmNKEUeXDHGERhUuwK-QLGmIA2aPFr2-QIMdDic:1uy4ZE:NtlH9KpJMt8W9-ERbYFFfPDzf3h-547vROi4oHFR7zE','2025-10-15 08:28:08.297328'),('v030julij4f1t49encgamwna4llsooq1','.eJxVjMsOwiAQRf-FtSEw8igu3fcbyDAMUjU0Ke3K-O_apAvd3nPOfYmI21rj1nmJUxYXYcTpd0tID247yHdst1nS3NZlSnJX5EG7HOfMz-vh_h1U7PVbK6e4BF9KUhjswGRM8G5gpTKGswbwxKSdJkougU8EFgkQMBRNoKx4fwDrdzgi:1utLzz:lKssw1Ax8_lvwnjo6jSFlHbWNsUNQeZ56WC75KuzIGU','2025-10-02 08:04:15.716335'),('yfwgh7ebjpcnvi2whxmyon70h8wg0n0t','.eJxVjDsOwyAQBe9CHSHAfFOm9xnQsizBSYQlY1dR7h5bcpG0b2bem0XY1hq3TkucMrsyqdnld0yAT2oHyQ9o95nj3NZlSvxQ-Ek7H-dMr9vp_h1U6HWvrUrKyQIoShBZiQDCkSHhAzmNKEUeXDHGERhUuwK-QLGmIA2aPFr2-QIMdDic:1ux8cD:aB93rL4YkP1hz_I3ooynPJo74U5FVq9CLbJyFHm_AYo','2025-10-12 18:35:21.675799'),('z25zt656lvxjldoyn3htr0f9ruptotoe','.eJxVjMsOwiAQRf-FtSEw8igu3fcbyDAMUjU0Ke3K-O_apAvd3nPOfYmI21rj1nmJUxYXYcTpd0tID247yHdst1nS3NZlSnJX5EG7HOfMz-vh_h1U7PVbK6e4BF9KUhjswGRM8G5gpTKGswbwxKSdJkougU8EFgkQMBRNoKx4fwDrdzgi:1uraSF:UGA5cuuPeggeOJKPY9NYjG458TzKaes7LvnHzzc7VtY','2025-09-27 11:06:07.144977');
/*!40000 ALTER TABLE `django_session` ENABLE KEYS */;
UNLOCK TABLES;

--
-- Table structure for table `main_account`
--

DROP TABLE IF EXISTS `main_account`;
/*!40101 SET @saved_cs_client     = @@character_set_client */;
/*!50503 SET character_set_client = utf8mb4 */;
CREATE TABLE `main_account` (
  `id` bigint NOT NULL AUTO_INCREMENT,
  `name` varchar(255) NOT NULL,
  `balance` decimal(15,0) NOT NULL,
  `account_type_id` bigint DEFAULT NULL,
  PRIMARY KEY (`id`),
  KEY `main_account_account_type_id_50a9ebc4_fk_main_accounttype_id` (`account_type_id`),
  CONSTRAINT `main_account_account_type_id_50a9ebc4_fk_main_accounttype_id` FOREIGN KEY (`account_type_id`) REFERENCES `main_accounttype` (`id`)
) ENGINE=InnoDB AUTO_INCREMENT=13 DEFAULT CHARSET=utf8mb3;
/*!40101 SET character_set_client = @saved_cs_client */;

--
-- Dumping data for table `main_account`
--

LOCK TABLES `main_account` WRITE;
/*!40000 ALTER TABLE `main_account` DISABLE KEYS */;
INSERT INTO `main_account` VALUES (1,'Карта физ Сбер',1219000,1),(2,'Карта физ Авангард',-3359,1),(3,'Наличные',2798690,3),(4,'Р/C Сбер',1537152,2),(5,'Р/с Авангард',-75485,2),(6,'Р/с Альфа',186141,2),(7,'Р/с Втб',9352942,2),(8,'Р/С Хлынов',3500,2),(9,'Карта физ Альфа',95000,1),(10,'Карта физ Втб',2251700,1),(11,'Карта физ Хлынов',0,1),(12,'Зп карта',0,1);
/*!40000 ALTER TABLE `main_account` ENABLE KEYS */;
UNLOCK TABLES;

--
-- Table structure for table `main_accounttype`
--

DROP TABLE IF EXISTS `main_accounttype`;
/*!40101 SET @saved_cs_client     = @@character_set_client */;
/*!50503 SET character_set_client = utf8mb4 */;
CREATE TABLE `main_accounttype` (
  `id` bigint NOT NULL AUTO_INCREMENT,
  `name` varchar(100) NOT NULL,
  PRIMARY KEY (`id`)
) ENGINE=InnoDB AUTO_INCREMENT=4 DEFAULT CHARSET=utf8mb3;
/*!40101 SET character_set_client = @saved_cs_client */;

--
-- Dumping data for table `main_accounttype`
--

LOCK TABLES `main_accounttype` WRITE;
/*!40000 ALTER TABLE `main_accounttype` DISABLE KEYS */;
INSERT INTO `main_accounttype` VALUES (1,'Банковская карта'),(2,'Банковский счет'),(3,'Наличные');
/*!40000 ALTER TABLE `main_accounttype` ENABLE KEYS */;
UNLOCK TABLES;

--
-- Table structure for table `main_balancedata`
--

DROP TABLE IF EXISTS `main_balancedata`;
/*!40101 SET @saved_cs_client     = @@character_set_client */;
/*!50503 SET character_set_client = utf8mb4 */;
CREATE TABLE `main_balancedata` (
  `id` bigint NOT NULL AUTO_INCREMENT,
  `name` varchar(255) NOT NULL,
  `amount` decimal(15,2) NOT NULL,
  `category` varchar(100) NOT NULL,
  `created_at` datetime(6) NOT NULL,
  PRIMARY KEY (`id`)
) ENGINE=InnoDB AUTO_INCREMENT=2 DEFAULT CHARSET=utf8mb3;
/*!40101 SET character_set_client = @saved_cs_client */;

--
-- Dumping data for table `main_balancedata`
--

LOCK TABLES `main_balancedata` WRITE;
/*!40000 ALTER TABLE `main_balancedata` DISABLE KEYS */;
INSERT INTO `main_balancedata` VALUES (1,'Оборудование',0.00,'','2025-09-12 19:54:05.953409');
/*!40000 ALTER TABLE `main_balancedata` ENABLE KEYS */;
UNLOCK TABLES;

--
-- Table structure for table `main_branch`
--

DROP TABLE IF EXISTS `main_branch`;
/*!40101 SET @saved_cs_client     = @@character_set_client */;
/*!50503 SET character_set_client = utf8mb4 */;
CREATE TABLE `main_branch` (
  `id` bigint NOT NULL AUTO_INCREMENT,
  `name` varchar(100) NOT NULL,
  PRIMARY KEY (`id`),
  UNIQUE KEY `name` (`name`)
) ENGINE=InnoDB AUTO_INCREMENT=10 DEFAULT CHARSET=utf8mb3;
/*!40101 SET character_set_client = @saved_cs_client */;

--
-- Dumping data for table `main_branch`
--

LOCK TABLES `main_branch` WRITE;
/*!40000 ALTER TABLE `main_branch` DISABLE KEYS */;
INSERT INTO `main_branch` VALUES (5,'Артём Ф'),(3,'Артем Х11'),(4,'Георгий'),(7,'Займы'),(2,'Илья'),(1,'Наши ИП'),(6,'Свечникова'),(8,'Филиал 8'),(9,'Филиал 9');
/*!40000 ALTER TABLE `main_branch` ENABLE KEYS */;
UNLOCK TABLES;

--
-- Table structure for table `main_cashflow`
--

DROP TABLE IF EXISTS `main_cashflow`;
/*!40101 SET @saved_cs_client     = @@character_set_client */;
/*!50503 SET character_set_client = utf8mb4 */;
CREATE TABLE `main_cashflow` (
  `id` bigint NOT NULL AUTO_INCREMENT,
  `amount` decimal(15,0) NOT NULL,
  `comment` longtext,
  `created_at` datetime(6) NOT NULL,
  `returned_to_investor` decimal(15,2) DEFAULT NULL,
  `account_id` bigint NOT NULL,
  `purpose_id` bigint NOT NULL,
  `supplier_id` bigint DEFAULT NULL,
  `transaction_id` bigint DEFAULT NULL,
  PRIMARY KEY (`id`),
  KEY `main_cashflow_account_id_822f2911_fk_main_account_id` (`account_id`),
  KEY `main_cashflow_purpose_id_b0181eec_fk_main_paymentpurpose_id` (`purpose_id`),
  KEY `main_cashflow_supplier_id_7443e331_fk_main_supplier_id` (`supplier_id`),
  KEY `main_cashflow_transaction_id_58ae8ff9_fk_main_transaction_id` (`transaction_id`),
  CONSTRAINT `main_cashflow_account_id_822f2911_fk_main_account_id` FOREIGN KEY (`account_id`) REFERENCES `main_account` (`id`),
  CONSTRAINT `main_cashflow_purpose_id_b0181eec_fk_main_paymentpurpose_id` FOREIGN KEY (`purpose_id`) REFERENCES `main_paymentpurpose` (`id`),
  CONSTRAINT `main_cashflow_supplier_id_7443e331_fk_main_supplier_id` FOREIGN KEY (`supplier_id`) REFERENCES `main_supplier` (`id`),
  CONSTRAINT `main_cashflow_transaction_id_58ae8ff9_fk_main_transaction_id` FOREIGN KEY (`transaction_id`) REFERENCES `main_transaction` (`id`)
) ENGINE=InnoDB AUTO_INCREMENT=242 DEFAULT CHARSET=utf8mb3;
/*!40101 SET character_set_client = @saved_cs_client */;

--
-- Dumping data for table `main_cashflow`
--

LOCK TABLES `main_cashflow` WRITE;
/*!40000 ALTER TABLE `main_cashflow` DISABLE KEYS */;
INSERT INTO `main_cashflow` VALUES (1,152400,NULL,'2025-08-29 05:39:37.258316',0.00,4,1,4,7),(2,20000,NULL,'2025-08-29 12:31:54.264560',0.00,7,1,2,3),(3,65200,NULL,'2025-08-29 12:32:04.952556',0.00,7,1,2,4),(4,77670,NULL,'2025-08-29 12:32:16.099225',0.00,7,1,2,5),(5,1103800,NULL,'2025-09-01 10:30:35.079378',0.00,7,1,11,10),(6,252000,'','2025-08-27 21:00:00.000000',0.00,5,1,3,6),(7,161130,'','2025-08-28 21:00:00.000000',0.00,4,1,1,1),(8,222000,'','2025-08-28 21:00:00.000000',0.00,7,1,1,2),(11,60,'','2025-09-02 11:15:44.191415',60.00,7,2,7,NULL),(12,-8715,'5','2025-09-01 21:00:00.000000',0.00,7,8,7,NULL),(13,-398,'перевод на сбер 5','2025-09-02 11:35:51.925344',0.00,7,15,7,NULL),(14,-30,'','2025-09-02 13:56:54.954196',0.00,5,15,1,NULL),(15,-30,'','2025-09-02 14:02:51.000067',0.00,5,15,3,NULL),(16,187200,NULL,'2025-09-03 04:50:07.883614',0.00,7,1,12,13),(18,-10000,'бк втб 3','2025-09-03 13:56:10.861526',0.00,7,16,1,NULL),(19,257700,NULL,'2025-09-04 06:27:32.363687',0.00,7,1,1,17),(20,364300,NULL,'2025-09-04 06:32:31.745334',0.00,7,1,3,18),(21,-1400,'бс ','2025-09-04 07:24:19.686099',0.00,7,16,8,NULL),(22,-10005,'бс','2025-09-04 07:32:55.354083',0.00,7,16,8,NULL),(23,-3000,'','2025-09-04 07:39:36.819854',0.00,7,12,2,NULL),(24,-6998,'днс коммутатор','2025-09-04 09:04:38.013692',0.00,4,16,5,NULL),(25,-850,'таймвэб оплата сервера','2025-09-04 09:09:47.196943',0.00,4,14,5,NULL),(26,-11500,'бс','2025-09-04 09:23:53.598577',0.00,4,16,1,NULL),(27,272,'','2025-09-04 09:38:20.574873',272.00,7,2,1,NULL),(28,650000,NULL,'2025-09-05 07:35:15.090977',0.00,7,1,4,9),(29,213659,NULL,'2025-09-05 07:35:22.919071',0.00,7,1,4,15),(30,147640,NULL,'2025-09-05 09:55:44.389630',0.00,4,1,1,19),(31,290000,NULL,'2025-09-05 11:09:24.920297',0.00,6,1,5,21),(32,320000,NULL,'2025-09-05 11:40:23.198162',0.00,4,1,5,20),(33,189500,NULL,'2025-09-05 11:44:49.767954',0.00,4,1,2,16),(34,13218,NULL,'2025-09-05 11:45:49.579422',0.00,4,1,5,22),(35,200000,'вмт','2025-09-05 13:18:25.136950',200000.00,6,2,5,NULL),(36,26000,NULL,'2025-09-05 13:34:37.669957',0.00,6,1,5,23),(37,26000,NULL,'2025-09-05 13:34:43.515434',0.00,6,1,5,25),(38,25000,NULL,'2025-09-05 13:34:47.675282',0.00,6,1,5,26),(39,57000,NULL,'2025-09-05 13:36:22.373433',0.00,4,1,2,36),(40,46000,NULL,'2025-09-05 13:40:39.786263',0.00,7,1,17,31),(41,46000,NULL,'2025-09-05 13:43:23.527155',0.00,4,1,17,30),(43,124000,NULL,'2025-09-05 14:00:22.792785',0.00,4,1,10,35),(44,-4000,'бс','2025-09-05 14:06:56.544876',0.00,4,16,1,NULL),(45,63432,'','2025-09-08 06:18:10.796865',63432.00,7,2,3,NULL),(47,575,'','2025-09-07 21:00:00.000000',575.00,6,2,5,NULL),(48,-6999,'днс маршрутизатор','2025-09-01 21:00:00.000000',0.00,6,16,5,NULL),(49,-932,'бс за нед 1-7/09','2025-09-08 07:08:12.465858',0.00,6,16,5,NULL),(50,-80954,'бс за нед 1-7/09','2025-09-08 07:09:59.970801',0.00,4,16,5,NULL),(51,-197,'','2025-09-07 21:00:00.000000',0.00,4,15,5,NULL),(52,-124600,'Перевод Соболев на счет Карта физ Втб','2025-09-02 21:00:00.000000',0.00,7,20,8,NULL),(53,124600,'Получено от Соболев со счета Р/с Втб','2025-09-02 21:00:00.000000',0.00,10,20,8,NULL),(54,-250,'08/09','2025-09-08 07:40:00.710263',0.00,7,15,8,NULL),(55,323,'','2025-09-08 07:40:20.796852',323.00,7,2,8,NULL),(56,194,'03/09','2025-09-08 07:41:15.393528',194.00,7,2,8,NULL),(63,108,'','2025-09-07 21:00:00.000000',108.00,7,2,7,NULL),(64,-50000,'Перевод ШкляевА на счет Карта физ Втб','2025-09-08 08:04:25.476010',0.00,7,20,17,NULL),(65,50000,'Получено от ШкляевА со счета Р/с Втб','2025-09-08 08:04:25.492998',0.00,10,20,17,NULL),(66,91,'','2025-09-08 08:04:53.696812',91.00,7,2,17,NULL),(67,-48000,'Перевод ШкляевА на счет Карта физ Сбер','2025-09-08 08:06:31.931933',0.00,4,20,17,NULL),(68,48000,'Получено от ШкляевА со счета Р/C Сбер','2025-09-08 08:06:31.934825',0.00,1,20,17,NULL),(69,-1,'Перевод Зорин на счет Р/с Втб','2025-09-08 08:38:27.981570',0.00,7,20,NULL,NULL),(70,1,'Получено от Крупин ОБМЕН со счета Р/с Втб','2025-09-08 08:38:27.985000',0.00,7,20,3,NULL),(71,-2,'Перевод Кулапин ОБМЕН на счет Р/с Втб','2025-09-08 08:39:05.673640',0.00,7,20,18,NULL),(72,2,'Получено от ДТ обмен со счета Р/с Втб','2025-09-08 08:39:05.674666',0.00,7,20,NULL,NULL),(73,-1,'Перевод Зорин на счет Р/с Втб','2025-09-08 08:39:42.590009',0.00,7,20,NULL,NULL),(74,1,'Получено от Талапин ОБМЕН со счета Р/с Втб','2025-09-08 08:39:42.591712',0.00,7,20,3,NULL),(75,-189500,'Перевод ИА ОБМЕН на счет Р/с Втб','2025-09-08 08:48:10.018622',0.00,7,20,18,NULL),(76,189500,'Получено от ДТ обмен со счета Р/с Втб','2025-09-08 08:48:10.021667',0.00,7,20,24,NULL),(77,-189500,'Перевод ДИЗАЙНЕР ИП ОБМЕН на счет Р/с Втб','2025-09-08 08:48:37.359336',0.00,7,20,23,NULL),(78,189500,'Получено от Георгий ОБМЕН со счета Р/с Втб','2025-09-08 08:48:37.360337',0.00,7,20,26,NULL),(79,-189500,'Перевод Георгий ОБМЕН на счет Р/с Втб','2025-09-08 08:49:47.938365',0.00,7,20,18,NULL),(80,189500,'Получено от ДТ обмен со счета Р/с Втб','2025-09-08 08:49:47.941479',0.00,7,20,23,NULL),(81,-189500,'Перевод ДИЗАЙНЕР ИП ОБМЕН на счет Р/с Втб','2025-09-08 08:50:03.376555',0.00,7,20,23,NULL),(82,189500,'Получено от Георгий ОБМЕН со счета Р/с Втб','2025-09-08 08:50:03.380805',0.00,7,20,26,NULL),(83,-189500,'Перевод Вавилов на счет Р/с Втб','2025-09-08 08:52:59.663758',0.00,7,20,25,NULL),(84,189500,'Получено от ДИЗАЙНЕР ООО ОБМЕН со счета Р/с Втб','2025-09-08 08:52:59.666868',0.00,7,20,2,NULL),(85,-300000,'Перевод ДИЗАЙНЕР ИП ОБМЕН на счет Р/с Втб','2025-09-08 13:06:23.036472',0.00,7,20,23,NULL),(86,300000,'Получено от Георгий ОБМЕН со счета Р/с Втб','2025-09-08 13:06:23.055072',0.00,7,20,26,NULL),(87,-300000,'Перевод Зорин на счет Р/с Авангард','2025-09-08 13:07:19.700497',0.00,7,20,25,NULL),(88,300000,'Получено от ДИЗАЙНЕР ООО ОБМЕН со счета Р/с Втб','2025-09-08 13:07:19.702319',0.00,5,20,3,NULL),(89,-300000,'Перевод Георгий ОБМЕН на счет Р/с Втб','2025-09-08 13:07:48.619966',0.00,7,20,18,NULL),(90,300000,'Получено от ДТ обмен со счета Р/с Втб','2025-09-08 13:07:48.621211',0.00,7,20,23,NULL),(91,-235000,'Перевод Коваль на счет Р/C Сбер','2025-09-08 13:08:39.889437',0.00,7,20,23,NULL),(92,235000,'Получено от Георгий ОБМЕН со счета Р/с Втб','2025-09-08 13:08:39.890509',0.00,4,20,5,NULL),(93,-235000,'Перевод Георгий ОБМЕН на счет Р/с Втб','2025-09-08 13:09:35.887295',0.00,7,20,18,NULL),(94,235000,'Получено от ДТ обмен со счета Р/с Втб','2025-09-08 13:09:35.892136',0.00,7,20,23,NULL),(95,287500,NULL,'2025-09-08 14:13:21.963728',0.00,8,1,3,40),(96,46000,NULL,'2025-09-08 14:39:37.943773',0.00,7,1,17,33),(97,46000,NULL,'2025-09-08 14:39:59.144378',0.00,4,1,17,32),(98,-188000,'Перевод Зорин на счет Карта физ Втб','2025-09-09 06:37:12.865391',0.00,7,20,3,NULL),(99,188000,'Получено от Зорин со счета Р/с Втб','2025-09-09 06:37:12.888866',0.00,10,20,3,NULL),(100,-100000,'Перевод СоболевА на счет Карта физ Сбер','2025-09-09 06:38:25.325372',0.00,4,20,10,NULL),(101,100000,'Получено от СоболевА со счета Р/C Сбер','2025-09-09 06:38:25.327248',0.00,1,20,10,NULL),(102,-116000,'Перевод Соболев на счет Карта физ Втб','2025-09-09 06:38:44.713145',0.00,7,20,8,NULL),(103,116000,'Получено от Соболев со счета Р/с Втб','2025-09-09 06:38:44.714208',0.00,10,20,8,NULL),(104,-68000,'Перевод ШкляевА на счет Карта физ Втб','2025-09-09 06:39:17.621199',0.00,7,20,17,NULL),(105,68000,'Получено от ШкляевА со счета Р/с Втб','2025-09-09 06:39:17.623923',0.00,10,20,17,NULL),(106,-50000,'Перевод ШкляевА на счет Карта физ Сбер','2025-09-09 06:39:52.200445',0.00,4,20,17,NULL),(107,50000,'Получено от ШкляевА со счета Р/C Сбер','2025-09-09 06:39:52.201665',0.00,1,20,17,NULL),(108,-20000,'Перевод СоболевА на счет Р/с Втб','2025-09-09 07:47:23.328262',0.00,4,20,10,NULL),(109,20000,'Получено от СоболевА со счета Р/C Сбер','2025-09-09 07:47:23.396763',0.00,7,20,10,NULL),(110,-7280,'КС аренда сент','2025-09-09 07:47:52.904683',0.00,7,16,10,NULL),(111,-30000,'бс перевод физ лицу  65','2025-09-09 09:36:06.614990',0.00,4,16,17,NULL),(112,-35000,'бс перевод физ лицу 65','2025-09-09 09:36:34.606999',0.00,7,16,17,NULL),(113,330000,NULL,'2025-09-09 10:53:21.334839',0.00,7,1,1,41),(115,-165000,'Перевод Пестов на счет Карта физ Сбер','2025-09-09 12:09:28.172703',0.00,4,20,6,NULL),(116,165000,'Получено от Пестов со счета Р/C Сбер','2025-09-09 12:09:28.174598',0.00,1,20,6,NULL),(117,-200000,'Перевод Зорин на счет Карта физ Втб','2025-09-09 13:08:10.869641',0.00,8,20,3,NULL),(118,200000,'Получено от Зорин со счета Р/С Хлынов','2025-09-09 13:08:10.882502',0.00,10,20,3,NULL),(119,95000,NULL,'2025-09-09 13:37:42.178890',0.00,4,1,2,46),(120,106900,NULL,'2025-09-09 13:37:46.835052',0.00,7,1,2,47),(121,225800,NULL,'2025-09-09 13:37:51.944486',0.00,7,1,17,48),(122,-15000,'бс шакирова','2025-09-10 06:54:19.363228',0.00,4,16,5,NULL),(123,150000,NULL,'2025-09-10 08:59:07.513290',0.00,4,1,5,29),(124,25000,NULL,'2025-09-10 09:04:51.080421',0.00,6,1,5,28),(125,115000,NULL,'2025-09-10 09:18:10.298097',0.00,7,1,4,49),(126,293575,NULL,'2025-09-10 12:09:54.390110',0.00,7,1,12,51),(127,356000,NULL,'2025-09-10 12:10:46.772584',0.00,7,1,28,50),(128,371000,NULL,'2025-09-10 12:32:23.936899',0.00,7,1,3,43),(129,229700,NULL,'2025-09-10 12:32:28.291908',0.00,7,1,7,44),(130,399300,NULL,'2025-09-10 12:32:33.535391',0.00,7,1,8,45),(131,-50000,'на зп','2025-09-10 14:08:49.983715',0.00,7,16,7,NULL),(132,-36700,'авг','2025-09-10 14:09:27.994601',0.00,7,9,8,NULL),(133,-28000,'зп прог','2025-09-10 14:10:48.431871',0.00,7,19,8,NULL),(134,-35300,'на зп','2025-09-10 14:17:03.804192',0.00,7,16,8,NULL),(135,-25294,'rhbcnfkk','2025-09-10 14:49:27.009342',0.00,7,16,3,NULL),(136,-100000,'Перевод Коваль на счет Карта физ Сбер','2025-09-11 09:39:06.109494',0.00,4,20,5,NULL),(137,100000,'Получено от Коваль со счета Р/C Сбер','2025-09-11 09:39:06.118955',0.00,1,20,5,NULL),(138,-100000,'Перевод Коваль на счет Карта физ Альфа','2025-09-11 09:40:13.542584',0.00,6,20,5,NULL),(139,100000,'Получено от Коваль со счета Р/с Альфа','2025-09-11 09:40:13.543721',0.00,9,20,5,NULL),(140,-231000,'Перевод Зорин на счет Карта физ Втб','2025-09-11 12:45:13.514019',0.00,7,20,3,NULL),(141,231000,'Получено от Зорин со счета Р/с Втб','2025-09-11 12:45:13.526175',0.00,10,20,3,NULL),(142,-3359,'страховки','2025-09-11 13:37:19.558934',0.00,2,16,3,NULL),(143,-6000,'бс фрукты','2025-09-11 14:04:39.893757',0.00,4,16,1,NULL),(144,-174000,'Перевод Пестов на счет Карта физ Сбер','2025-09-11 14:10:01.176295',0.00,4,20,6,NULL),(145,174000,'Получено от Пестов со счета Р/C Сбер','2025-09-11 14:10:01.177725',0.00,1,20,6,NULL),(146,-199000,'Перевод Соболев на счет Карта физ Втб','2025-09-11 14:10:18.649763',0.00,7,20,8,NULL),(147,199000,'Получено от Соболев со счета Р/с Втб','2025-09-11 14:10:18.653919',0.00,10,20,8,NULL),(148,-200000,'Перевод Бармин на счет Карта физ Втб','2025-09-11 14:10:36.241948',0.00,7,20,1,NULL),(149,200000,'Получено от Бармин со счета Р/с Втб','2025-09-11 14:10:36.246034',0.00,10,20,1,NULL),(150,417573,NULL,'2025-09-11 14:35:14.506356',0.00,7,1,14,53),(151,-165000,'Инкассация: перевод на счет \'Наличные\'','2025-09-11 15:41:45.385509',0.00,10,21,7,NULL),(152,-200000,'Инкассация: перевод на счет \'Наличные\'','2025-09-11 15:42:00.956108',0.00,10,21,3,NULL),(153,-200000,'Инкассация: перевод на счет \'Наличные\'','2025-09-11 15:42:29.034339',0.00,1,21,6,NULL),(154,-200000,'Инкассация: перевод на счет \'Наличные\'','2025-09-11 15:42:41.869266',0.00,9,21,5,NULL),(155,-188000,'Инкассация: перевод на счет \'Наличные\'','2025-09-11 15:42:55.146317',0.00,10,21,3,NULL),(156,-147000,'Инкассация: перевод на счет \'Наличные\'','2025-09-11 15:43:12.260206',0.00,10,21,1,NULL),(157,-100000,'Инкассация: перевод на счет \'Наличные\'','2025-09-11 15:43:40.582332',0.00,1,21,10,NULL),(158,-176000,'Инкассация: перевод на счет \'Наличные\'','2025-09-11 15:44:04.956361',0.00,10,21,8,NULL),(159,-98000,'Инкассация: перевод на счет \'Наличные\'','2025-09-11 15:45:07.135801',0.00,1,21,17,NULL),(160,322580,NULL,'2025-09-12 07:36:24.077903',0.00,5,1,1,39),(161,-100000,'Инкассация: перевод на счет \'Наличные\'','2025-09-12 12:21:13.290805',0.00,1,21,5,NULL),(162,-100000,'Инкассация: перевод на счет \'Наличные\'','2025-09-12 12:21:23.150633',0.00,9,21,5,NULL),(163,-231000,'Инкассация: перевод на счет \'Наличные\'','2025-09-12 12:21:39.540062',0.00,10,21,3,NULL),(164,-200000,'Инкассация: перевод на счет \'Наличные\'','2025-09-12 12:22:21.774571',0.00,10,21,1,NULL),(165,500500,NULL,'2025-09-12 13:46:31.307183',0.00,7,1,11,42),(166,350000,NULL,'2025-09-12 18:29:21.033777',0.00,7,1,4,54),(168,1553219,NULL,'2025-09-12 19:30:13.680646',0.00,7,1,29,56),(169,66000,NULL,'2025-09-12 19:32:09.326489',0.00,7,1,30,57),(174,-1,'Перевод Максим Автобусы на счет Р/с Втб','2025-09-12 20:08:35.621072',0.00,7,20,1,NULL),(175,1,'Получено от Бармин со счета Р/с Втб','2025-09-12 20:08:35.621998',0.00,7,20,31,NULL),(178,-200000,'Перевод Зорин на счет Карта физ Втб','2025-09-15 06:52:14.862766',0.00,7,20,3,NULL),(179,200000,'Получено от Зорин со счета Р/с Втб','2025-09-15 06:52:14.868924',0.00,10,20,3,NULL),(180,582,'','2025-09-15 06:58:38.343971',582.00,7,2,3,NULL),(181,-100000,'Перевод Зорин на счет Карта физ Втб','2025-09-15 06:59:54.635287',0.00,5,20,3,NULL),(182,100000,'Получено от Зорин со счета Р/с Авангард','2025-09-15 06:59:54.636302',0.00,10,20,3,NULL),(183,-100000,'Перевод Зорин на счет Карта физ Втб','2025-09-15 07:23:04.148048',0.00,5,20,3,NULL),(184,100000,'Получено от Зорин со счета Р/с Авангард','2025-09-15 07:23:04.159242',0.00,10,20,3,NULL),(185,-400000,'Инкассация: перевод на счет \'Наличные\'','2025-09-15 07:26:36.072749',0.00,10,21,3,NULL),(186,-21577,'р/с сбер 08-14/09','2025-09-15 07:43:57.281052',0.00,4,16,5,NULL),(187,-200000,'Перевод Коваль на счет Карта физ Сбер','2025-09-15 07:44:41.896961',0.00,4,20,5,NULL),(188,200000,'Получено от Коваль со счета Р/C Сбер','2025-09-15 07:44:41.897801',0.00,1,20,5,NULL),(189,86000,NULL,'2025-09-15 08:01:28.209318',0.00,8,1,3,38),(190,186000,NULL,'2025-09-15 08:16:40.351543',0.00,6,1,8,37),(191,46000,NULL,'2025-09-15 08:18:12.751399',0.00,4,1,17,34),(192,-518460,'Перевод Кайсина на счет Р/с Втб','2025-09-15 08:49:42.074484',0.00,7,20,18,NULL),(193,518460,'Получено от ДТ обмен со счета Р/с Втб','2025-09-15 08:49:42.108832',0.00,7,20,13,NULL),(194,-155460,'Перевод Вавилов на счет Р/C Сбер','2025-09-15 08:50:02.515380',0.00,7,20,24,NULL),(195,155460,'Получено от ИА ОБМЕН со счета Р/с Втб','2025-09-15 08:50:02.516508',0.00,4,20,2,NULL),(196,-148000,'Перевод Шкляев на счет Р/с Втб','2025-09-15 08:50:31.398869',0.00,7,20,24,NULL),(197,148000,'Получено от ИА ОБМЕН со счета Р/с Втб','2025-09-15 08:50:31.401758',0.00,7,20,7,NULL),(198,-215000,'Перевод Соболев на счет Р/с Втб','2025-09-15 08:51:06.161905',0.00,7,20,24,NULL),(199,215000,'Получено от ИА ОБМЕН со счета Р/с Втб','2025-09-15 08:51:06.163170',0.00,7,20,8,NULL),(200,23000,NULL,'2025-09-15 11:47:55.619876',0.00,6,1,5,24),(201,23000,NULL,'2025-09-15 11:47:58.799722',0.00,6,1,5,27),(202,-28538,'бс с р/с 8-14/09','2025-09-15 11:52:45.104481',0.00,6,16,5,NULL),(203,-43000,'инвестор 1','2025-09-15 11:53:16.493219',0.00,6,19,5,NULL),(204,-10000,'ип1','2025-09-15 11:54:32.740430',0.00,6,12,5,NULL),(205,-4500,'интерком интернет','2025-09-15 11:54:55.015287',0.00,6,16,5,NULL),(209,-20349,'бс кристалл','2025-09-16 07:19:57.119895',0.00,7,16,3,NULL),(210,418275,NULL,'2025-09-16 08:19:52.598107',0.00,7,1,11,65),(211,594000,NULL,'2025-09-16 08:20:26.285902',0.00,7,1,16,66),(212,-135000,'Перевод Костицын на счет Наличные','2025-09-16 08:21:43.840016',0.00,7,20,35,NULL),(213,135000,'Получено от Костицын со счета Р/с Втб','2025-09-16 08:21:43.847817',0.00,3,20,35,NULL),(214,-135000,'Перевод Костицын на счет Карта физ Втб','2025-09-16 08:24:51.135473',0.00,7,20,35,NULL),(215,135000,'Получено от Костицын со счета Р/с Втб','2025-09-16 08:24:51.136516',0.00,10,20,35,NULL),(216,-3300,'Инкассация: перевод на счет \'Наличные\'','2025-09-16 08:25:18.166713',0.00,10,21,35,NULL),(217,-100000,'Перевод Зорин на счет Карта физ Втб','2025-09-16 12:01:40.399318',0.00,8,20,3,NULL),(218,100000,'Получено от Зорин со счета Р/С Хлынов','2025-09-16 12:01:40.405487',0.00,10,20,3,NULL),(219,-100000,'Перевод Зорин на счет Карта физ Втб','2025-09-16 12:02:02.130061',0.00,5,20,3,NULL),(220,100000,'Получено от Зорин со счета Р/с Авангард','2025-09-16 12:02:02.131802',0.00,10,20,3,NULL),(221,-200000,'Перевод Зорин на счет Карта физ Втб','2025-09-16 12:02:20.306515',0.00,7,20,3,NULL),(222,200000,'Получено от Зорин со счета Р/с Втб','2025-09-16 12:02:20.307734',0.00,10,20,3,NULL),(223,412600,NULL,'2025-09-16 12:28:40.038554',0.00,7,1,12,73),(224,178,'','2025-09-16 12:37:30.194828',178.00,7,2,8,NULL),(225,-95000,'Перевод Соболев на счет Карта физ Альфа','2025-09-16 14:19:56.489529',0.00,6,20,8,NULL),(226,95000,'Получено от Соболев со счета Р/с Альфа','2025-09-16 14:19:56.512463',0.00,9,20,8,NULL),(227,-205000,'Перевод Соболев на счет Карта физ Втб','2025-09-16 14:20:20.067925',0.00,7,20,8,NULL),(228,205000,'Получено от Соболев со счета Р/с Втб','2025-09-16 14:20:20.070189',0.00,10,20,8,NULL),(229,-56000,'Перевод ШкляевА на счет Карта физ Сбер','2025-09-16 14:20:49.925816',0.00,4,20,17,NULL),(230,56000,'Получено от ШкляевА со счета Р/C Сбер','2025-09-16 14:20:49.926920',0.00,1,20,17,NULL),(231,-146000,'Перевод ШкляевА на счет Карта физ Втб','2025-09-16 14:21:12.683853',0.00,7,20,17,NULL),(232,146000,'Получено от ШкляевА со счета Р/с Втб','2025-09-16 14:21:12.685494',0.00,10,20,17,NULL),(233,-178000,'Перевод Шкляев на счет Карта физ Втб','2025-09-16 14:21:28.865047',0.00,7,20,7,NULL),(234,178000,'Получено от Шкляев со счета Р/с Втб','2025-09-16 14:21:28.865889',0.00,10,20,7,NULL),(235,-149000,'Перевод Вавилов на счет Карта физ Сбер','2025-09-16 14:21:48.040668',0.00,4,20,2,NULL),(236,149000,'Получено от Вавилов со счета Р/C Сбер','2025-09-16 14:21:48.044527',0.00,1,20,2,NULL),(237,-200000,'Перевод Пестов на счет Карта физ Сбер','2025-09-16 14:22:06.399970',0.00,4,20,6,NULL),(238,200000,'Получено от Пестов со счета Р/C Сбер','2025-09-16 14:22:06.401819',0.00,1,20,6,NULL),(239,-195000,'Перевод Бармин на счет Карта физ Втб','2025-09-16 14:23:57.259707',0.00,7,20,1,NULL),(240,195000,'Получено от Бармин со счета Р/с Втб','2025-09-16 14:23:57.261248',0.00,10,20,1,NULL),(241,714500,NULL,'2025-09-16 16:34:36.465550',0.00,7,1,12,75);
/*!40000 ALTER TABLE `main_cashflow` ENABLE KEYS */;
UNLOCK TABLES;

--
-- Table structure for table `main_client`
--

DROP TABLE IF EXISTS `main_client`;
/*!40101 SET @saved_cs_client     = @@character_set_client */;
/*!50503 SET character_set_client = utf8mb4 */;
CREATE TABLE `main_client` (
  `id` bigint NOT NULL AUTO_INCREMENT,
  `name` varchar(255) NOT NULL,
  `percentage` decimal(5,1) NOT NULL,
  `comment` longtext,
  PRIMARY KEY (`id`)
) ENGINE=InnoDB AUTO_INCREMENT=28 DEFAULT CHARSET=utf8mb3;
/*!40101 SET character_set_client = @saved_cs_client */;

--
-- Dumping data for table `main_client`
--

LOCK TABLES `main_client` WRITE;
/*!40000 ALTER TABLE `main_client` DISABLE KEYS */;
INSERT INTO `main_client` VALUES (1,'Азбука',8.0,''),(2,'Стройлайт',9.0,''),(3,'Раченков',8.0,'ЧЗ то 14,5% без ЧЗ 8%'),(4,'ЧЗ Семирот',14.5,'ЧЗ то 14,5% без ЧЗ 8%'),(5,'ЧЗ Раченков',14.5,'ЧЗ то 14,5% без ЧЗ 8%'),(6,'Семирот',8.0,'ЧЗ то 14,5% без ЧЗ 8%'),(7,'ТЭК',8.0,''),(8,'ДТ',3.0,''),(9,'Планета ',8.0,'Саша Шихов'),(10,'1ВПК',7.0,''),(11,'Стандарт',8.0,''),(12,'АПЛАЙН',8.0,''),(13,'Сварог',7.0,''),(14,'Свартех',7.0,''),(15,'Квалитет технология',9.0,'Паша Костиц'),(16,'С-Ярмарка',7.0,''),(17,'АЛМАЗ',7.0,''),(18,'СтройЛига',9.0,''),(19,'Феникс',9.0,''),(20,'СФК',9.0,''),(21,'СИнвест',9.0,''),(22,'Макл',14.0,''),(23,'Гипромсервис',9.0,''),(24,'Сетинком ',8.0,''),(25,'Займы',3.0,''),(26,'Брум Корп',8.0,'это Алексей ТЭК'),(27,'БАКСС',8.0,'');
/*!40000 ALTER TABLE `main_client` ENABLE KEYS */;
UNLOCK TABLES;

--
-- Table structure for table `main_investor`
--

DROP TABLE IF EXISTS `main_investor`;
/*!40101 SET @saved_cs_client     = @@character_set_client */;
/*!50503 SET character_set_client = utf8mb4 */;
CREATE TABLE `main_investor` (
  `id` bigint NOT NULL AUTO_INCREMENT,
  `name` varchar(255) NOT NULL,
  `initial_balance` decimal(15,2) NOT NULL,
  `balance` decimal(15,2) NOT NULL,
  `created_at` datetime(6) NOT NULL,
  PRIMARY KEY (`id`)
) ENGINE=InnoDB AUTO_INCREMENT=3 DEFAULT CHARSET=utf8mb3;
/*!40101 SET character_set_client = @saved_cs_client */;

--
-- Dumping data for table `main_investor`
--

LOCK TABLES `main_investor` WRITE;
/*!40000 ALTER TABLE `main_investor` DISABLE KEYS */;
INSERT INTO `main_investor` VALUES (1,'Инвестор 1',10692693.00,272297.00,'2025-08-28 09:56:29.562866'),(2,'Инвестор 2',7269823.00,132820.00,'2025-08-28 09:56:35.950404');
/*!40000 ALTER TABLE `main_investor` ENABLE KEYS */;
UNLOCK TABLES;

--
-- Table structure for table `main_investordebtoperation`
--

DROP TABLE IF EXISTS `main_investordebtoperation`;
/*!40101 SET @saved_cs_client     = @@character_set_client */;
/*!50503 SET character_set_client = utf8mb4 */;
CREATE TABLE `main_investordebtoperation` (
  `id` bigint NOT NULL AUTO_INCREMENT,
  `operation_type` varchar(10) NOT NULL,
  `amount` decimal(12,2) NOT NULL,
  `created_at` datetime(6) NOT NULL,
  `investor_id` bigint NOT NULL,
  PRIMARY KEY (`id`),
  KEY `main_investordebtope_investor_id_de8c295a_fk_main_inve` (`investor_id`),
  CONSTRAINT `main_investordebtope_investor_id_de8c295a_fk_main_inve` FOREIGN KEY (`investor_id`) REFERENCES `main_investor` (`id`)
) ENGINE=InnoDB AUTO_INCREMENT=31 DEFAULT CHARSET=utf8mb3;
/*!40101 SET character_set_client = @saved_cs_client */;

--
-- Dumping data for table `main_investordebtoperation`
--

LOCK TABLES `main_investordebtoperation` WRITE;
/*!40000 ALTER TABLE `main_investordebtoperation` DISABLE KEYS */;
INSERT INTO `main_investordebtoperation` VALUES (1,'deposit',6096.00,'2025-09-01 14:43:42.006883',1),(2,'deposit',272.00,'2025-09-05 17:56:00.491174',1),(3,'deposit',1000.00,'2025-09-05 17:56:07.540153',1),(4,'deposit',3260.00,'2025-09-05 17:56:14.326853',1),(5,'deposit',3883.00,'2025-09-08 07:46:20.324345',1),(6,'deposit',8057.00,'2025-09-08 07:47:24.332072',1),(7,'deposit',11100.00,'2025-09-08 07:47:29.476154',1),(8,'deposit',12600.00,'2025-09-08 07:47:58.846314',1),(9,'deposit',26000.00,'2025-09-08 07:48:29.141102',1),(10,'deposit',33114.00,'2025-09-12 18:43:30.212220',1),(11,'deposit',5616.00,'2025-09-12 18:44:01.904759',1),(12,'deposit',8547.00,'2025-09-12 18:44:13.397252',1),(13,'deposit',11600.00,'2025-09-12 18:44:36.948790',1),(14,'deposit',12800.00,'2025-09-12 18:44:42.104730',1),(15,'deposit',529.00,'2025-09-12 18:44:54.607998',1),(16,'deposit',800000.00,'2025-09-12 18:45:41.941423',1),(17,'deposit',194.00,'2025-09-15 09:33:39.780015',1),(18,'deposit',1040.00,'2025-09-15 12:59:33.863196',1),(19,'deposit',100000.00,'2025-09-16 15:02:12.267788',1),(20,'deposit',100000.00,'2025-09-16 15:02:27.729269',2),(21,'deposit',31716.00,'2025-09-16 15:03:11.116528',1),(22,'deposit',31716.00,'2025-09-16 15:03:18.621619',2),(23,'deposit',575.00,'2025-09-16 15:03:32.529409',1),(24,'deposit',108.00,'2025-09-16 15:03:39.674638',2),(25,'deposit',323.00,'2025-09-16 15:03:46.153354',2),(26,'deposit',91.00,'2025-09-16 15:03:54.039935',2),(27,'deposit',582.00,'2025-09-16 15:04:01.706709',2),(28,'deposit',178.00,'2025-09-16 15:04:06.833580',1),(29,'deposit',60.00,'2025-09-16 15:04:13.976885',1),(30,'deposit',138534.00,'2025-09-16 15:04:46.977840',1);
/*!40000 ALTER TABLE `main_investordebtoperation` ENABLE KEYS */;
UNLOCK TABLES;

--
-- Table structure for table `main_moneytransfer`
--

DROP TABLE IF EXISTS `main_moneytransfer`;
/*!40101 SET @saved_cs_client     = @@character_set_client */;
/*!50503 SET character_set_client = utf8mb4 */;
CREATE TABLE `main_moneytransfer` (
  `id` bigint NOT NULL AUTO_INCREMENT,
  `amount` decimal(15,0) NOT NULL,
  `transfer_date` datetime(6) NOT NULL,
  `created_at` datetime(6) NOT NULL,
  `destination_account_id` bigint NOT NULL,
  `source_account_id` bigint NOT NULL,
  `destination_supplier_id` bigint DEFAULT NULL,
  `source_supplier_id` bigint DEFAULT NULL,
  `transfer_type` varchar(10) DEFAULT NULL,
  `is_counted` tinyint(1) DEFAULT NULL,
  `is_completed` tinyint(1) NOT NULL,
  PRIMARY KEY (`id`),
  KEY `main_moneytransfer_destination_account__6e5a6256_fk_main_acco` (`destination_account_id`),
  KEY `main_moneytransfer_source_account_id_3cbe8619_fk_main_account_id` (`source_account_id`),
  KEY `main_moneytransfer_destination_supplier_e4cb4e27_fk_main_supp` (`destination_supplier_id`),
  KEY `main_moneytransfer_source_supplier_id_48d514f4_fk_main_supp` (`source_supplier_id`),
  CONSTRAINT `main_moneytransfer_destination_account__6e5a6256_fk_main_acco` FOREIGN KEY (`destination_account_id`) REFERENCES `main_account` (`id`),
  CONSTRAINT `main_moneytransfer_destination_supplier_e4cb4e27_fk_main_supp` FOREIGN KEY (`destination_supplier_id`) REFERENCES `main_supplier` (`id`),
  CONSTRAINT `main_moneytransfer_source_account_id_3cbe8619_fk_main_account_id` FOREIGN KEY (`source_account_id`) REFERENCES `main_account` (`id`),
  CONSTRAINT `main_moneytransfer_source_supplier_id_48d514f4_fk_main_supp` FOREIGN KEY (`source_supplier_id`) REFERENCES `main_supplier` (`id`)
) ENGINE=InnoDB AUTO_INCREMENT=109 DEFAULT CHARSET=utf8mb3;
/*!40101 SET character_set_client = @saved_cs_client */;

--
-- Dumping data for table `main_moneytransfer`
--

LOCK TABLES `main_moneytransfer` WRITE;
/*!40000 ALTER TABLE `main_moneytransfer` DISABLE KEYS */;
INSERT INTO `main_moneytransfer` VALUES (1,150000,'2025-09-01 14:42:34.069713','2025-09-01 14:42:34.069744',3,4,4,4,NULL,NULL,1),(2,122000,'2025-09-02 11:49:11.473235','2025-09-02 11:49:11.473272',10,7,7,7,NULL,NULL,1),(3,1,'2025-09-02 13:17:11.694351','2025-09-02 13:17:11.694377',7,7,2,1,'from_us',NULL,1),(4,1,'2025-09-02 13:18:15.390033','2025-09-02 13:18:15.390117',4,7,5,2,'from_us',NULL,1),(5,5,'2025-09-02 13:46:17.369746','2025-09-02 13:46:17.369771',7,5,12,3,'from_us',NULL,1),(6,400000,'2025-09-02 14:03:50.509199','2025-09-02 14:03:50.509232',7,5,1,1,NULL,NULL,1),(7,250000,'2025-09-02 14:04:09.610936','2025-09-02 14:04:09.611006',7,5,3,3,NULL,NULL,1),(8,70000,'2025-09-02 14:30:09.320043','2025-09-02 14:30:09.320079',10,8,3,3,NULL,NULL,1),(9,50000,'2025-09-03 12:19:05.026959','2025-09-03 12:19:05.026998',4,7,2,2,NULL,NULL,1),(10,100000,'2025-09-03 12:27:24.095435','2025-09-03 12:27:24.095461',10,7,2,2,NULL,NULL,1),(11,148000,'2025-09-03 13:11:35.634386','2025-09-03 13:11:35.634425',10,7,3,3,NULL,NULL,1),(12,160000,'2025-09-03 14:03:43.959214','2025-09-03 14:03:43.959249',10,7,1,1,NULL,NULL,1),(13,1,'2025-09-03 19:32:12.549282','2025-09-03 19:32:12.549313',7,4,1,4,'to_us',1,1),(14,4,'2025-09-03 19:33:57.645667','2025-09-03 19:33:57.645695',7,4,4,5,'from_us',1,1),(15,1,'2025-09-03 19:34:15.669696','2025-09-03 19:34:15.669723',7,7,2,1,'from_us',0,1),(16,1,'2025-09-03 19:34:44.552132','2025-09-03 19:34:44.552160',4,4,5,4,'to_us',1,1),(17,3,'2025-09-03 19:35:03.154002','2025-09-03 19:35:03.154022',7,4,2,4,'to_us',1,1),(18,100000,'2025-09-04 17:03:33.142155','2025-09-04 17:03:33.142190',3,7,2,2,NULL,NULL,1),(19,70000,'2025-09-04 17:04:33.389689','2025-09-04 17:04:33.390484',3,7,3,3,NULL,NULL,1),(20,100000,'2025-09-04 17:05:29.564440','2025-09-04 17:05:29.564473',3,7,8,8,NULL,NULL,1),(25,100,'2025-09-05 07:30:33.024663','2025-09-05 07:30:33.024684',7,7,18,11,'to_us',1,1),(27,1,'2025-09-05 07:34:04.265069','2025-09-05 07:34:04.265104',7,7,2,18,'from_us',0,1),(28,125000,'2025-09-05 14:18:04.450270','2025-09-05 14:18:04.450307',1,4,2,2,NULL,NULL,1),(29,53000,'2025-09-05 14:18:27.472705','2025-09-05 14:18:27.472740',10,7,7,7,NULL,NULL,1),(30,200000,'2025-09-05 14:18:43.962367','2025-09-05 14:18:43.962416',10,7,3,3,NULL,NULL,1),(31,198000,'2025-09-05 14:19:00.193354','2025-09-05 14:19:00.193386',10,7,1,1,NULL,NULL,1),(32,150000,'2025-09-05 14:19:15.869649','2025-09-05 14:19:15.869686',1,4,6,6,NULL,NULL,1),(33,210000,'2025-09-05 18:01:22.343893','2025-09-05 18:01:22.343914',3,7,1,1,NULL,NULL,1),(34,149178,'2025-09-05 18:02:12.058510','2025-09-05 18:02:12.058532',3,4,1,1,NULL,NULL,1),(35,200000,'2025-09-08 07:14:47.623751','2025-09-08 07:14:47.623792',4,6,5,5,NULL,NULL,1),(36,200000,'2025-09-08 07:18:51.710525','2025-09-08 07:18:51.710549',1,4,5,5,NULL,NULL,1),(37,200000,'2025-09-08 07:19:07.614714','2025-09-08 07:19:07.614733',9,6,5,5,NULL,NULL,1),(38,125000,'2025-09-08 07:23:14.840950','2025-09-08 07:23:14.840983',3,4,2,2,NULL,NULL,1),(39,124600,'2025-09-08 07:36:56.720553','2025-09-08 07:36:56.720590',10,7,8,8,NULL,NULL,1),(40,124600,'2025-09-08 07:49:55.913179','2025-09-08 07:49:55.913202',9,10,8,8,NULL,NULL,1),(41,124600,'2025-09-08 07:50:20.804587','2025-09-08 07:50:20.804624',10,9,8,8,NULL,NULL,1),(42,100,'2025-09-08 07:56:51.816098','2025-09-08 07:56:51.816140',10,7,8,8,NULL,NULL,1),(43,50000,'2025-09-08 08:04:25.425699','2025-09-08 08:04:25.425736',10,7,17,17,NULL,NULL,1),(44,48000,'2025-09-08 08:06:31.919701','2025-09-08 08:06:31.919730',1,4,17,17,NULL,NULL,1),(50,189500,'2025-09-08 08:49:47.924173','2025-09-08 08:49:47.924220',7,7,23,18,'from_us',1,1),(51,189500,'2025-09-08 08:50:03.347382','2025-09-08 08:50:03.347417',7,7,26,23,'from_us',0,1),(52,189500,'2025-09-08 08:52:59.636782','2025-09-08 08:52:59.636814',7,7,2,25,'to_us',1,1),(53,300000,'2025-09-08 13:06:22.996300','2025-09-08 13:06:22.996520',7,7,26,23,'from_us',0,1),(54,300000,'2025-09-08 13:07:19.676469','2025-09-08 13:07:19.676508',5,7,3,25,'to_us',1,1),(55,300000,'2025-09-08 13:07:48.607617','2025-09-08 13:07:48.607645',7,7,23,18,'from_us',1,1),(58,188000,'2025-09-09 06:37:12.742735','2025-09-09 06:37:12.742775',10,7,3,3,NULL,NULL,1),(59,100000,'2025-09-09 06:38:25.317551','2025-09-09 06:38:25.317578',1,4,10,10,NULL,NULL,1),(60,116000,'2025-09-09 06:38:44.704165','2025-09-09 06:38:44.704197',10,7,8,8,NULL,NULL,1),(61,68000,'2025-09-09 06:39:17.526047','2025-09-09 06:39:17.526069',10,7,17,17,NULL,NULL,1),(62,50000,'2025-09-09 06:39:52.191545','2025-09-09 06:39:52.191575',1,4,17,17,NULL,NULL,1),(63,20000,'2025-09-09 07:47:23.080748','2025-09-09 07:47:23.080805',7,4,10,10,NULL,NULL,1),(64,165000,'2025-09-09 12:09:28.074019','2025-09-09 12:09:28.074046',1,4,6,6,NULL,NULL,1),(65,200000,'2025-09-09 13:08:10.788308','2025-09-09 13:08:10.788585',10,8,3,3,NULL,NULL,1),(66,100000,'2025-09-11 09:39:05.884029','2025-09-11 09:39:05.884068',1,4,5,5,NULL,NULL,1),(67,100000,'2025-09-11 09:40:13.532969','2025-09-11 09:40:13.532998',9,6,5,5,NULL,NULL,1),(68,231000,'2025-09-11 12:45:13.411621','2025-09-11 12:45:13.411649',10,7,3,3,NULL,NULL,1),(69,174000,'2025-09-11 14:10:01.112374','2025-09-11 14:10:01.112403',1,4,6,6,NULL,NULL,1),(70,199000,'2025-09-11 14:10:18.625174','2025-09-11 14:10:18.625211',10,7,8,8,NULL,NULL,1),(71,200000,'2025-09-11 14:10:36.221172','2025-09-11 14:10:36.221249',10,7,1,1,NULL,NULL,1),(72,165000,'2025-09-11 15:41:45.350979','2025-09-11 15:41:45.351001',3,10,7,7,NULL,NULL,1),(73,200000,'2025-09-11 15:42:00.948954','2025-09-11 15:42:00.948987',3,10,3,3,NULL,NULL,1),(74,200000,'2025-09-11 15:42:29.026792','2025-09-11 15:42:29.026824',3,1,6,6,NULL,NULL,1),(75,200000,'2025-09-11 15:42:41.859826','2025-09-11 15:42:41.859858',3,9,5,5,NULL,NULL,1),(76,188000,'2025-09-11 15:42:55.123509','2025-09-11 15:42:55.123530',3,10,3,3,NULL,NULL,1),(77,147000,'2025-09-11 15:43:12.249993','2025-09-11 15:43:12.250038',3,10,1,1,NULL,NULL,1),(78,100000,'2025-09-11 15:43:40.576247','2025-09-11 15:43:40.576276',3,1,10,10,NULL,NULL,1),(79,176000,'2025-09-11 15:44:04.936203','2025-09-11 15:44:04.936237',3,10,8,8,NULL,NULL,1),(80,98000,'2025-09-11 15:45:07.121659','2025-09-11 15:45:07.121693',3,1,17,17,NULL,NULL,1),(81,100000,'2025-09-12 12:21:13.258649','2025-09-12 12:21:13.258675',3,1,5,5,NULL,NULL,1),(82,100000,'2025-09-12 12:21:23.140747','2025-09-12 12:21:23.140776',3,9,5,5,NULL,NULL,1),(83,231000,'2025-09-12 12:21:39.502110','2025-09-12 12:21:39.502142',3,10,3,3,NULL,NULL,1),(84,200000,'2025-09-12 12:22:21.756779','2025-09-12 12:22:21.756813',3,10,1,1,NULL,NULL,1),(85,1,'2025-09-12 20:08:35.584551','2025-09-12 20:08:35.584586',7,7,31,1,NULL,NULL,1),(86,200000,'2025-09-15 06:52:14.822759','2025-09-15 06:52:14.822782',10,7,3,3,NULL,NULL,1),(87,100000,'2025-09-15 06:59:54.627120','2025-09-15 06:59:54.627142',10,5,3,3,NULL,NULL,1),(88,100000,'2025-09-15 07:23:04.093577','2025-09-15 07:23:04.093598',10,5,3,3,NULL,NULL,1),(89,400000,'2025-09-15 07:26:36.063755','2025-09-15 07:26:36.063776',3,10,3,3,NULL,NULL,1),(90,200000,'2025-09-15 07:44:41.860853','2025-09-15 07:44:41.860875',1,4,5,5,NULL,NULL,1),(91,518460,'2025-09-15 08:49:42.046684','2025-09-15 08:49:42.046704',7,7,13,18,'from_us',1,1),(92,155460,'2025-09-15 08:50:02.497731','2025-09-15 08:50:02.497762',4,7,2,24,'to_us',1,1),(93,148000,'2025-09-15 08:50:31.385992','2025-09-15 08:50:31.386015',7,7,7,24,'to_us',1,1),(94,215000,'2025-09-15 08:51:06.154263','2025-09-15 08:51:06.154295',7,7,8,24,'to_us',1,1),(96,135000,'2025-09-16 08:24:51.127560','2025-09-16 08:24:51.127591',10,7,35,35,NULL,NULL,0),(97,3300,'2025-09-16 08:25:18.161976','2025-09-16 08:25:18.162008',3,10,35,35,NULL,NULL,0),(98,100000,'2025-09-16 12:01:40.341329','2025-09-16 12:01:40.341357',10,8,3,3,NULL,NULL,0),(99,100000,'2025-09-16 12:02:02.114082','2025-09-16 12:02:02.114110',10,5,3,3,NULL,NULL,0),(100,200000,'2025-09-16 12:02:20.293989','2025-09-16 12:02:20.294148',10,7,3,3,NULL,NULL,0),(101,95000,'2025-09-16 14:19:56.421409','2025-09-16 14:19:56.421436',9,6,8,8,NULL,NULL,0),(102,205000,'2025-09-16 14:20:20.058061','2025-09-16 14:20:20.058103',10,7,8,8,NULL,NULL,0),(103,56000,'2025-09-16 14:20:49.919088','2025-09-16 14:20:49.919115',1,4,17,17,NULL,NULL,0),(104,146000,'2025-09-16 14:21:12.662201','2025-09-16 14:21:12.662233',10,7,17,17,NULL,NULL,0),(105,178000,'2025-09-16 14:21:28.857347','2025-09-16 14:21:28.857375',10,7,7,7,NULL,NULL,0),(106,149000,'2025-09-16 14:21:47.988355','2025-09-16 14:21:47.988388',1,4,2,2,NULL,NULL,0),(107,200000,'2025-09-16 14:22:06.387238','2025-09-16 14:22:06.387269',1,4,6,6,NULL,NULL,0),(108,195000,'2025-09-16 14:23:57.246600','2025-09-16 14:23:57.246635',10,7,1,1,NULL,NULL,0);
/*!40000 ALTER TABLE `main_moneytransfer` ENABLE KEYS */;
UNLOCK TABLES;

--
-- Table structure for table `main_monthlycapital`
--

DROP TABLE IF EXISTS `main_monthlycapital`;
/*!40101 SET @saved_cs_client     = @@character_set_client */;
/*!50503 SET character_set_client = utf8mb4 */;
CREATE TABLE `main_monthlycapital` (
  `id` bigint NOT NULL AUTO_INCREMENT,
  `year` int NOT NULL,
  `month` int NOT NULL,
  `capital` decimal(20,2) NOT NULL,
  `calculated_at` datetime(6) NOT NULL,
  PRIMARY KEY (`id`),
  UNIQUE KEY `main_monthlycapital_year_month_87a1b79f_uniq` (`year`,`month`)
) ENGINE=InnoDB DEFAULT CHARSET=utf8mb3;
/*!40101 SET character_set_client = @saved_cs_client */;

--
-- Dumping data for table `main_monthlycapital`
--

LOCK TABLES `main_monthlycapital` WRITE;
/*!40000 ALTER TABLE `main_monthlycapital` DISABLE KEYS */;
/*!40000 ALTER TABLE `main_monthlycapital` ENABLE KEYS */;
UNLOCK TABLES;

--
-- Table structure for table `main_paymentpurpose`
--

DROP TABLE IF EXISTS `main_paymentpurpose`;
/*!40101 SET @saved_cs_client     = @@character_set_client */;
/*!50503 SET character_set_client = utf8mb4 */;
CREATE TABLE `main_paymentpurpose` (
  `id` bigint NOT NULL AUTO_INCREMENT,
  `name` varchar(255) NOT NULL,
  `operation_type` varchar(10) NOT NULL,
  PRIMARY KEY (`id`)
) ENGINE=InnoDB AUTO_INCREMENT=26 DEFAULT CHARSET=utf8mb3;
/*!40101 SET character_set_client = @saved_cs_client */;

--
-- Dumping data for table `main_paymentpurpose`
--

LOCK TABLES `main_paymentpurpose` WRITE;
/*!40000 ALTER TABLE `main_paymentpurpose` DISABLE KEYS */;
INSERT INTO `main_paymentpurpose` VALUES (1,'Оплата','income'),(2,'% от вклада, кэшбэк','income'),(5,'Возврат от поставщиков','income'),(6,'Получение кредита','income'),(7,'Продажа ТМЦ','income'),(8,'Расход ИП','expense'),(9,'ЗП бух','expense'),(10,'Съем денег','expense'),(11,'Сот связь','expense'),(12,'Налоги','expense'),(13,'Сбис, эцп','expense'),(14,'Приобретение ТМЦ (печати, роутеры)','expense'),(15,'Банковские расходы','expense'),(16,'ДТ','expense'),(17,'Аренда помещения','expense'),(18,'Процент при снятии','expense'),(19,'Прочее','expense'),(20,'Перевод','expense'),(21,'Инкассация','expense'),(24,'Взнос Инвестор 1','income'),(25,'Взнос Инвестор 2','income');
/*!40000 ALTER TABLE `main_paymentpurpose` ENABLE KEYS */;
UNLOCK TABLES;

--
-- Table structure for table `main_supplier`
--

DROP TABLE IF EXISTS `main_supplier`;
/*!40101 SET @saved_cs_client     = @@character_set_client */;
/*!50503 SET character_set_client = utf8mb4 */;
CREATE TABLE `main_supplier` (
  `id` bigint NOT NULL AUTO_INCREMENT,
  `name` varchar(255) NOT NULL,
  `cost_percentage` decimal(5,1) NOT NULL,
  `visible_for_assistant` tinyint(1) NOT NULL,
  `branch_id` bigint DEFAULT NULL,
  `default_account_id` bigint DEFAULT NULL,
  `user_id` bigint DEFAULT NULL,
  `visible_in_summary` tinyint(1) NOT NULL,
  PRIMARY KEY (`id`),
  UNIQUE KEY `user_id` (`user_id`),
  KEY `main_supplier_branch_id_b98b8c32_fk_main_branch_id` (`branch_id`),
  KEY `main_supplier_default_account_id_1c9206da_fk_main_account_id` (`default_account_id`),
  CONSTRAINT `main_supplier_branch_id_b98b8c32_fk_main_branch_id` FOREIGN KEY (`branch_id`) REFERENCES `main_branch` (`id`),
  CONSTRAINT `main_supplier_default_account_id_1c9206da_fk_main_account_id` FOREIGN KEY (`default_account_id`) REFERENCES `main_account` (`id`),
  CONSTRAINT `main_supplier_user_id_9e9195ac_fk_users_user_id` FOREIGN KEY (`user_id`) REFERENCES `users_user` (`id`)
) ENGINE=InnoDB AUTO_INCREMENT=36 DEFAULT CHARSET=utf8mb3;
/*!40101 SET character_set_client = @saved_cs_client */;

--
-- Dumping data for table `main_supplier`
--

LOCK TABLES `main_supplier` WRITE;
/*!40000 ALTER TABLE `main_supplier` DISABLE KEYS */;
INSERT INTO `main_supplier` VALUES (1,'Бармин',3.0,1,1,NULL,NULL,1),(2,'Вавилов',3.0,1,1,NULL,NULL,1),(3,'Зорин',3.0,1,1,NULL,NULL,1),(4,'Пыхтеев',5.0,0,2,NULL,NULL,0),(5,'Коваль',4.0,1,1,NULL,NULL,1),(6,'Пестов',3.0,1,1,NULL,NULL,1),(7,'Шкляев',3.0,1,1,NULL,NULL,1),(8,'Соболев',4.0,1,1,NULL,NULL,1),(9,'Кошевая ',3.0,1,1,NULL,NULL,1),(10,'СоболевА',3.0,1,1,NULL,NULL,1),(11,'Анфилатов И',5.0,0,2,NULL,NULL,0),(12,'Карсакова',5.0,0,2,NULL,NULL,0),(13,'Кайсина',5.0,0,2,NULL,NULL,0),(14,'Азанова',5.0,0,2,NULL,NULL,0),(15,'Катаев',5.0,0,2,NULL,NULL,0),(16,'Анфилатова Е',5.0,0,2,NULL,NULL,0),(17,'ШкляевА',3.0,1,1,NULL,NULL,1),(18,'ДТ обмен',0.0,1,1,NULL,NULL,0),(23,'Георгий ОБМЕН',0.0,0,1,NULL,NULL,0),(24,'ИА ОБМЕН',0.0,0,1,NULL,NULL,0),(25,'ДИЗАЙНЕР ООО ОБМЕН',0.0,0,1,NULL,NULL,0),(26,'ДИЗАЙНЕР ИП ОБМЕН',0.0,0,1,NULL,NULL,0),(27,'Артём Х11',6.5,0,3,NULL,NULL,0),(28,'Георгий',6.5,0,4,NULL,NULL,0),(29,'Фефилов',3.0,0,5,NULL,NULL,0),(30,'Свечникова',2.0,0,6,NULL,NULL,0),(31,'Максим Автобусы',0.0,0,7,NULL,NULL,1),(32,'Гагик',0.0,0,7,NULL,NULL,1),(33,'Саша Нагорничных',0.0,0,7,NULL,NULL,1),(34,'Шабалин',0.0,0,7,NULL,NULL,1),(35,'Костицын',0.0,0,7,NULL,NULL,1);
/*!40000 ALTER TABLE `main_supplier` ENABLE KEYS */;
UNLOCK TABLES;

--
-- Table structure for table `main_supplieraccount`
--

DROP TABLE IF EXISTS `main_supplieraccount`;
/*!40101 SET @saved_cs_client     = @@character_set_client */;
/*!50503 SET character_set_client = utf8mb4 */;
CREATE TABLE `main_supplieraccount` (
  `id` bigint NOT NULL AUTO_INCREMENT,
  `balance` decimal(15,0) NOT NULL,
  `account_id` bigint NOT NULL,
  `supplier_id` bigint NOT NULL,
  PRIMARY KEY (`id`),
  UNIQUE KEY `main_supplieraccount_supplier_id_account_id_6298a67b_uniq` (`supplier_id`,`account_id`),
  KEY `main_supplieraccount_account_id_8c5bc9f3_fk_main_account_id` (`account_id`),
  CONSTRAINT `main_supplieraccount_account_id_8c5bc9f3_fk_main_account_id` FOREIGN KEY (`account_id`) REFERENCES `main_account` (`id`),
  CONSTRAINT `main_supplieraccount_supplier_id_890f62fe_fk_main_supplier_id` FOREIGN KEY (`supplier_id`) REFERENCES `main_supplier` (`id`)
) ENGINE=InnoDB AUTO_INCREMENT=191 DEFAULT CHARSET=utf8mb3;
/*!40101 SET character_set_client = @saved_cs_client */;

--
-- Dumping data for table `main_supplieraccount`
--

LOCK TABLES `main_supplieraccount` WRITE;
/*!40000 ALTER TABLE `main_supplieraccount` DISABLE KEYS */;
INSERT INTO `main_supplieraccount` VALUES (1,41480,4,1),(2,25231,5,1),(3,36341,7,1),(4,343806,4,2),(5,103166,7,2),(6,0,4,3),(7,1064,5,3),(8,3696,7,3),(11,0,7,4),(12,0,1,1),(13,27674,2,1),(14,149000,1,2),(15,0,10,2),(16,0,1,3),(17,14665,2,3),(18,73715,8,3),(19,400000,10,3),(20,0,11,3),(21,0,1,5),(22,0,3,5),(23,125780,4,5),(24,67282,6,5),(25,0,9,5),(26,200000,1,6),(27,0,3,6),(28,180638,4,6),(29,0,7,6),(30,0,10,6),(31,0,1,7),(32,0,3,7),(33,0,4,7),(34,200317,7,7),(35,178000,10,7),(36,0,1,8),(37,0,4,8),(38,0,5,8),(39,92871,6,8),(40,237951,7,8),(41,95000,9,8),(42,205000,10,8),(43,0,1,9),(44,0,3,9),(45,0,4,9),(46,0,7,9),(47,0,10,9),(48,0,1,10),(49,0,3,10),(50,32518,4,10),(51,19824,7,10),(52,0,10,10),(57,418275,7,11),(64,1127100,7,12),(71,0,7,13),(78,0,7,14),(85,0,7,15),(92,594000,7,16),(96,18931,4,17),(97,95435,7,17),(98,395000,10,1),(99,0,3,2),(100,0,3,3),(101,0,3,8),(102,0,1,18),(103,0,3,18),(104,0,4,18),(105,0,7,18),(106,0,10,18),(119,0,7,23),(120,0,7,24),(121,0,3,1),(122,56000,1,17),(123,146000,10,17),(124,0,7,25),(125,0,7,26),(131,0,7,27),(141,0,7,28),(146,0,7,29),(147,0,7,30),(148,1000000,7,31),(149,70000,7,32),(150,362104,7,33),(151,70000,7,34),(152,0,7,35),(154,135000,3,35),(155,131700,10,35),(156,0,10,34),(157,0,10,33),(158,0,10,32),(159,0,10,31),(160,0,12,1),(161,0,12,2),(162,0,12,3),(163,0,12,4),(164,0,12,5),(165,0,12,6),(166,0,12,7),(167,0,12,8),(168,0,12,9),(169,0,12,10),(170,0,12,11),(171,0,12,12),(172,0,12,13),(173,0,12,14),(174,0,12,15),(175,0,12,16),(176,0,12,17),(177,0,12,18),(178,0,12,23),(179,0,12,24),(180,0,12,25),(181,0,12,26),(182,0,12,27),(183,0,12,28),(184,0,12,29),(185,0,12,30),(186,0,12,31),(187,0,12,32),(188,0,12,33),(189,0,12,34),(190,0,12,35);
/*!40000 ALTER TABLE `main_supplieraccount` ENABLE KEYS */;
UNLOCK TABLES;

--
-- Table structure for table `main_supplierdebtrepayment`
--

DROP TABLE IF EXISTS `main_supplierdebtrepayment`;
/*!40101 SET @saved_cs_client     = @@character_set_client */;
/*!50503 SET character_set_client = utf8mb4 */;
CREATE TABLE `main_supplierdebtrepayment` (
  `id` bigint NOT NULL AUTO_INCREMENT,
  `amount` decimal(12,2) NOT NULL,
  `created_at` datetime(6) NOT NULL,
  `comment` longtext,
  `supplier_id` bigint NOT NULL,
  PRIMARY KEY (`id`),
  KEY `main_supplierdebtrep_supplier_id_4b0ee2fe_fk_main_supp` (`supplier_id`),
  CONSTRAINT `main_supplierdebtrep_supplier_id_4b0ee2fe_fk_main_supp` FOREIGN KEY (`supplier_id`) REFERENCES `main_supplier` (`id`)
) ENGINE=InnoDB AUTO_INCREMENT=16 DEFAULT CHARSET=utf8mb3;
/*!40101 SET character_set_client = @saved_cs_client */;

--
-- Dumping data for table `main_supplierdebtrepayment`
--

LOCK TABLES `main_supplierdebtrepayment` WRITE;
/*!40000 ALTER TABLE `main_supplierdebtrepayment` DISABLE KEYS */;
INSERT INTO `main_supplierdebtrepayment` VALUES (8,1048610.00,'2025-09-15 15:23:45.809510','',4),(9,617500.00,'2025-09-16 06:20:03.022340','',4),(10,202977.00,'2025-09-16 06:21:10.170357','',4),(11,177840.00,'2025-09-16 06:22:52.342021','',4),(12,50000.00,'2025-09-16 06:30:06.012118','',4),(13,50000.00,'2025-09-16 06:30:17.347769','',4),(14,50000.00,'2025-09-16 06:30:26.890423','',4),(15,24695.00,'2025-09-16 11:21:34.018018','',16);
/*!40000 ALTER TABLE `main_supplierdebtrepayment` ENABLE KEYS */;
UNLOCK TABLES;

--
-- Table structure for table `main_transaction`
--

DROP TABLE IF EXISTS `main_transaction`;
/*!40101 SET @saved_cs_client     = @@character_set_client */;
/*!50503 SET character_set_client = utf8mb4 */;
CREATE TABLE `main_transaction` (
  `id` bigint NOT NULL AUTO_INCREMENT,
  `amount` decimal(10,0) NOT NULL,
  `client_percentage` decimal(5,1) NOT NULL,
  `bonus_percentage` decimal(5,1) NOT NULL,
  `supplier_percentage` decimal(5,1) NOT NULL,
  `paid_amount` decimal(10,0) DEFAULT NULL,
  `documents` tinyint(1) NOT NULL,
  `returned_by_supplier` decimal(10,0) DEFAULT NULL,
  `returned_date` datetime(6) DEFAULT NULL,
  `returned_bonus` decimal(10,2) DEFAULT NULL,
  `returned_to_client` decimal(10,2) DEFAULT NULL,
  `returned_to_investor` decimal(10,2) DEFAULT NULL,
  `modified_by_accountant` tinyint(1) NOT NULL,
  `viewed_by_admin` tinyint(1) NOT NULL,
  `created_at` datetime(6) NOT NULL,
  `account_id` bigint DEFAULT NULL,
  `client_id` bigint DEFAULT NULL,
  `supplier_id` bigint DEFAULT NULL,
  PRIMARY KEY (`id`),
  KEY `main_transaction_account_id_98b1cadf_fk_main_account_id` (`account_id`),
  KEY `main_transaction_client_id_a7070b12_fk_main_client_id` (`client_id`),
  KEY `main_transaction_supplier_id_d673eb48_fk_main_supplier_id` (`supplier_id`),
  CONSTRAINT `main_transaction_account_id_98b1cadf_fk_main_account_id` FOREIGN KEY (`account_id`) REFERENCES `main_account` (`id`),
  CONSTRAINT `main_transaction_client_id_a7070b12_fk_main_client_id` FOREIGN KEY (`client_id`) REFERENCES `main_client` (`id`),
  CONSTRAINT `main_transaction_supplier_id_d673eb48_fk_main_supplier_id` FOREIGN KEY (`supplier_id`) REFERENCES `main_supplier` (`id`)
) ENGINE=InnoDB AUTO_INCREMENT=77 DEFAULT CHARSET=utf8mb3;
/*!40101 SET character_set_client = @saved_cs_client */;

--
-- Dumping data for table `main_transaction`
--

LOCK TABLES `main_transaction` WRITE;
/*!40000 ALTER TABLE `main_transaction` DISABLE KEYS */;
INSERT INTO `main_transaction` VALUES (1,161130,8.0,0.0,3.0,161130,1,30000,'2025-09-08 15:11:30.614451',0.00,148239.00,8057.00,1,1,'2025-08-29 05:34:54.748485',4,1,1),(2,222000,8.0,0.0,3.0,222000,1,0,NULL,0.00,204240.00,11100.00,1,1,'2025-08-29 05:35:11.257084',7,1,1),(3,20000,8.0,0.0,3.0,20000,1,0,NULL,0.00,18400.00,1000.00,1,1,'2025-08-29 05:35:34.056314',7,1,2),(4,65200,8.0,0.0,3.0,65200,1,0,NULL,0.00,59984.00,3260.00,1,1,'2025-08-29 05:35:53.172059',7,1,2),(5,77670,8.0,0.0,3.0,77670,1,0,NULL,0.00,71456.00,3883.00,1,1,'2025-08-29 05:36:28.744967',7,1,2),(6,252000,8.0,0.0,3.0,252000,1,0,NULL,0.00,231840.00,12600.00,1,1,'2025-08-29 05:36:48.942245',7,1,3),(7,152400,9.0,0.0,5.0,152400,1,144780,'2025-09-16 06:20:02.967592',0.00,138684.00,6096.00,0,1,'2025-08-29 05:37:47.511217',4,2,4),(9,650000,9.0,0.0,5.0,650000,0,617500,'2025-09-16 06:21:10.157726',0.00,591500.00,26000.00,0,1,'2025-09-01 10:20:25.367877',7,2,4),(10,1103800,8.0,0.0,5.0,1103800,0,410732,'2025-09-16 11:21:34.002454',0.00,1015496.00,33114.00,0,1,'2025-09-01 10:30:23.758922',7,6,11),(13,187200,8.0,0.0,5.0,187200,1,0,NULL,0.00,172224.00,5616.00,0,1,'2025-09-02 08:58:18.889860',7,7,12),(15,213659,9.0,0.0,5.0,213659,0,0,NULL,0.00,194429.00,8547.00,0,1,'2025-09-03 13:15:43.492326',7,2,4),(16,189500,3.0,0.0,3.0,189500,0,0,NULL,0.00,183815.00,0.00,1,1,'2025-09-03 13:45:05.658606',4,8,2),(17,257700,7.0,0.0,3.0,257700,0,0,NULL,0.00,0.00,0.00,1,1,'2025-09-03 13:50:36.938207',7,10,1),(18,364300,7.0,0.0,3.0,364300,0,0,NULL,0.00,0.00,0.00,1,1,'2025-09-03 13:50:53.634059',7,10,3),(19,147640,0.0,0.0,0.0,147640,1,0,NULL,0.00,147640.00,0.00,1,1,'2025-09-04 13:00:42.704884',4,11,1),(20,320000,8.0,0.0,4.0,320000,1,0,NULL,0.00,294400.00,12800.00,1,1,'2025-09-04 14:03:26.539307',4,12,5),(21,290000,8.0,0.0,4.0,290000,1,0,NULL,0.00,266800.00,11600.00,1,1,'2025-09-04 14:03:48.273166',6,12,5),(22,13218,8.0,0.0,4.0,13218,1,0,NULL,0.00,12160.00,529.00,1,1,'2025-09-04 14:04:22.566779',4,12,5),(23,26000,8.0,0.0,4.0,26000,0,0,NULL,0.00,23920.00,1040.00,1,1,'2025-09-05 13:20:46.695453',6,9,5),(24,23000,8.0,0.0,4.0,23000,0,0,NULL,0.00,0.00,0.00,1,1,'2025-09-05 13:21:10.885494',6,9,5),(25,26000,8.0,0.0,4.0,26000,0,0,NULL,0.00,23920.00,1040.00,1,1,'2025-09-05 13:21:33.128425',6,9,5),(26,25000,8.0,0.0,4.0,25000,0,0,NULL,0.00,23000.00,1000.00,1,1,'2025-09-05 13:21:56.040228',6,9,5),(27,23000,8.0,0.0,4.0,23000,0,0,NULL,0.00,0.00,0.00,1,1,'2025-09-05 13:22:21.426552',6,9,5),(28,25000,8.0,0.0,4.0,25000,0,0,NULL,0.00,23000.00,1000.00,1,1,'2025-09-05 13:22:44.605418',6,9,5),(29,150000,8.0,0.0,4.0,150000,0,0,NULL,0.00,138000.00,6000.00,1,1,'2025-09-05 13:23:08.169465',4,9,5),(30,46000,8.0,0.0,3.0,46000,0,0,NULL,0.00,42320.00,2300.00,1,1,'2025-09-05 13:23:46.679766',4,9,17),(31,46000,8.0,0.0,3.0,46000,0,0,NULL,0.00,42320.00,2300.00,1,1,'2025-09-05 13:24:06.885794',7,9,17),(32,46000,8.0,0.0,3.0,46000,0,0,NULL,0.00,42320.00,2300.00,1,1,'2025-09-05 13:24:31.556549',4,9,17),(33,46000,8.0,0.0,3.0,46000,0,0,NULL,0.00,42320.00,2300.00,1,1,'2025-09-05 13:28:54.444503',7,9,17),(34,46000,8.0,0.0,3.0,46000,0,0,NULL,0.00,0.00,0.00,1,1,'2025-09-05 13:29:21.357099',4,9,17),(35,124000,8.0,0.0,3.0,124000,0,0,NULL,0.00,114080.00,6200.00,1,1,'2025-09-05 13:29:44.518445',4,9,10),(36,57000,8.0,0.0,3.0,57000,0,0,NULL,0.00,52440.00,2850.00,1,1,'2025-09-05 13:30:06.539791',4,9,2),(37,186000,8.0,0.0,4.0,186000,0,0,NULL,0.00,0.00,0.00,1,1,'2025-09-05 13:31:04.393512',6,9,8),(38,86000,8.0,0.0,3.0,86000,0,0,NULL,0.00,0.00,0.00,1,1,'2025-09-05 13:31:27.083251',8,9,3),(39,322580,7.0,0.0,3.0,322580,0,0,NULL,0.00,299999.00,12903.00,1,1,'2025-09-08 13:17:20.962381',5,14,1),(40,287500,3.0,0.0,3.0,287500,0,0,NULL,0.00,278875.00,0.00,1,1,'2025-09-08 14:13:14.913303',8,8,3),(41,330000,9.0,1.0,3.0,330000,1,0,NULL,3300.00,300300.00,16500.00,1,1,'2025-09-09 06:34:07.303603',7,15,1),(42,500500,8.0,0.0,5.0,500500,0,0,NULL,0.00,460460.00,15015.00,0,1,'2025-09-09 10:51:13.126079',7,7,11),(43,371000,7.0,0.0,3.0,371000,0,0,NULL,0.00,345030.00,14840.00,1,1,'2025-09-09 12:58:54.447764',7,16,3),(44,229700,7.0,0.0,3.0,229700,0,0,NULL,0.00,213621.00,9188.00,1,1,'2025-09-09 12:59:17.538513',7,17,7),(45,399300,7.0,0.0,4.0,399300,0,0,NULL,0.00,371349.00,11979.00,1,1,'2025-09-09 12:59:57.989775',7,17,8),(46,95000,3.0,0.0,3.0,95000,0,0,NULL,0.00,92150.00,0.00,1,1,'2025-09-09 13:36:38.258606',4,8,2),(47,106900,3.0,0.0,3.0,106900,1,0,NULL,0.00,103693.00,0.00,1,1,'2025-09-09 13:36:54.698612',7,8,2),(48,225800,3.0,0.0,3.0,225800,1,0,NULL,0.00,219026.00,0.00,1,1,'2025-09-09 13:37:25.941018',7,8,17),(49,115000,9.0,0.0,5.0,115000,0,0,NULL,0.00,104650.00,4600.00,0,1,'2025-09-10 09:17:58.685596',7,2,4),(50,356000,8.0,0.0,6.5,356000,0,0,NULL,0.00,327520.00,5340.00,0,1,'2025-09-10 09:22:24.557003',7,9,28),(51,293575,8.0,0.0,5.0,293575,0,0,NULL,0.00,0.00,0.00,0,1,'2025-09-10 12:09:44.065418',7,9,12),(53,417573,9.0,0.0,4.0,417573,0,0,NULL,0.00,379991.00,20879.00,0,1,'2025-09-11 14:34:55.938469',7,18,14),(54,350000,9.0,0.0,5.0,350000,0,0,NULL,0.00,150000.00,0.00,0,1,'2025-09-12 13:14:47.943495',7,2,4),(56,1553219,0.0,0.0,0.0,1553219,0,0,NULL,0.00,1553219.00,0.00,0,1,'2025-09-12 19:29:08.963468',7,8,29),(57,66000,0.0,0.0,0.0,66000,0,0,NULL,0.00,66000.00,0.00,0,1,'2025-09-12 19:31:54.882158',7,8,30),(65,418275,8.0,0.0,5.0,418275,0,0,NULL,0.00,0.00,0.00,0,1,'2025-09-16 06:49:56.106222',7,7,11),(66,594000,8.0,0.0,5.0,594000,0,0,NULL,0.00,0.00,0.00,0,1,'2025-09-16 06:51:02.798199',7,26,16),(67,65000,8.0,1.0,4.0,0,0,0,NULL,0.00,0.00,0.00,1,1,'2025-09-16 07:55:22.428988',4,27,5),(68,76500,8.0,1.0,3.0,0,0,0,NULL,0.00,0.00,0.00,1,1,'2025-09-16 07:55:56.762727',4,27,17),(69,124000,8.0,1.0,3.0,0,0,0,NULL,0.00,0.00,0.00,1,1,'2025-09-16 07:56:17.995481',4,27,10),(70,246320,8.0,1.0,4.0,0,0,0,NULL,0.00,0.00,0.00,1,1,'2025-09-16 07:56:43.419841',7,27,8),(71,164400,8.0,1.0,3.0,0,0,0,NULL,0.00,0.00,0.00,1,1,'2025-09-16 07:57:10.548310',4,27,1),(72,86000,8.0,1.0,5.0,0,0,0,NULL,0.00,0.00,0.00,0,1,'2025-09-16 08:17:23.667279',7,27,14),(73,412600,8.0,0.0,5.0,412600,0,0,NULL,0.00,0.00,0.00,0,1,'2025-09-16 08:56:45.380782',7,26,12),(74,436860,9.0,1.0,5.0,0,0,0,NULL,0.00,0.00,0.00,0,1,'2025-09-16 08:57:35.730899',7,27,15),(75,714500,8.0,0.0,5.0,714500,0,0,NULL,0.00,0.00,0.00,0,1,'2025-09-16 12:48:53.310626',7,3,12),(76,320881,14.0,0.0,7.0,0,0,0,NULL,0.00,0.00,0.00,0,1,'2025-09-16 14:04:20.663861',7,22,11);
/*!40000 ALTER TABLE `main_transaction` ENABLE KEYS */;
UNLOCK TABLES;

--
-- Table structure for table `users_siteblock`
--

DROP TABLE IF EXISTS `users_siteblock`;
/*!40101 SET @saved_cs_client     = @@character_set_client */;
/*!50503 SET character_set_client = utf8mb4 */;
CREATE TABLE `users_siteblock` (
  `id` bigint NOT NULL AUTO_INCREMENT,
  `is_blocked` tinyint(1) NOT NULL,
  PRIMARY KEY (`id`)
) ENGINE=InnoDB DEFAULT CHARSET=utf8mb3;
/*!40101 SET character_set_client = @saved_cs_client */;

--
-- Dumping data for table `users_siteblock`
--

LOCK TABLES `users_siteblock` WRITE;
/*!40000 ALTER TABLE `users_siteblock` DISABLE KEYS */;
/*!40000 ALTER TABLE `users_siteblock` ENABLE KEYS */;
UNLOCK TABLES;

--
-- Table structure for table `users_user`
--

DROP TABLE IF EXISTS `users_user`;
/*!40101 SET @saved_cs_client     = @@character_set_client */;
/*!50503 SET character_set_client = utf8mb4 */;
CREATE TABLE `users_user` (
  `id` bigint NOT NULL AUTO_INCREMENT,
  `password` varchar(128) NOT NULL,
  `last_login` datetime(6) DEFAULT NULL,
  `is_superuser` tinyint(1) NOT NULL,
  `email` varchar(254) NOT NULL,
  `is_staff` tinyint(1) NOT NULL,
  `username` varchar(150) NOT NULL,
  `last_name` varchar(150) DEFAULT NULL,
  `first_name` varchar(150) DEFAULT NULL,
  `patronymic` varchar(150) DEFAULT NULL,
  `date_joined` datetime(6) NOT NULL,
  `is_active` tinyint(1) NOT NULL,
  `user_type_id` bigint DEFAULT NULL,
  `branch_id` bigint DEFAULT NULL,
  PRIMARY KEY (`id`),
  UNIQUE KEY `username` (`username`),
  KEY `users_user_user_type_id_483066d0_fk_users_usertype_id` (`user_type_id`),
  KEY `users_user_branch_id_9b932184_fk_main_branch_id` (`branch_id`),
  CONSTRAINT `users_user_branch_id_9b932184_fk_main_branch_id` FOREIGN KEY (`branch_id`) REFERENCES `main_branch` (`id`),
  CONSTRAINT `users_user_user_type_id_483066d0_fk_users_usertype_id` FOREIGN KEY (`user_type_id`) REFERENCES `users_usertype` (`id`)
) ENGINE=InnoDB AUTO_INCREMENT=17 DEFAULT CHARSET=utf8mb3;
/*!40101 SET character_set_client = @saved_cs_client */;

--
-- Dumping data for table `users_user`
--

LOCK TABLES `users_user` WRITE;
/*!40000 ALTER TABLE `users_user` DISABLE KEYS */;
INSERT INTO `users_user` VALUES (3,'pbkdf2_sha256$1000000$xzXJSaex6KIsDqoeKR9vOX$24iFwPBsrLrNTieXOacBnWGnlPxbVi2X0Sz8Q+ZdL7k=','2025-09-04 06:39:53.058861',0,'',0,'ассистент',NULL,NULL,NULL,'2025-08-28 10:02:37.143846',1,3,NULL),(4,'pbkdf2_sha256$1000000$Ds9J8IBxuWtwhUotZSspxV$z7Uos0wSstaH9clLQ0iPAukDoTOBRIY9IJfDBgvmdh8=','2025-09-08 07:36:35.989786',0,'',0,'бух',NULL,NULL,NULL,'2025-08-28 10:02:49.826087',1,4,NULL),(5,'pbkdf2_sha256$1000000$yD0YZICxWU74wJAIzwrsPZ$BeaLBZ6mkolQt1cXVdNywrbt2xEomyV0Sq6VTFAspto=',NULL,0,'',0,'Филиал1','','','','2025-08-29 07:16:35.601780',1,5,1),(6,'pbkdf2_sha256$1000000$h1Kwq9BJAs0IVzuxTrgEhU$oGS0QIrG3kz8wIHOB44tyJTLQkSkeh3S6ILPiCK7Rso=','2025-09-12 18:10:09.447701',0,'',0,'Филиал2','','','','2025-08-29 07:17:43.485977',1,5,2),(7,'pbkdf2_sha256$1000000$O4m4Rm00GMXudFVKV7BFs5$TOevdvndmxmgkd5mHlKv8dXWVpfjD6RU0qLq7DKZbDM=',NULL,0,'',0,'Филиал3','','','','2025-08-29 07:17:57.882753',1,5,3),(8,'pbkdf2_sha256$1000000$wY1VVUBeKk2sO69o3nAqrp$k+9/rEqhl9gi82Cacj37E2UHGPfUyyHdESCXbYe9UDg=',NULL,0,'',0,'Филиал4','','','','2025-08-29 07:18:11.827186',1,5,4),(9,'pbkdf2_sha256$1000000$f2lOepfKWqM3wwg9PVex5f$W2jqgT9Ezm5Plj+1seZcfMUTcVvHdEYU667ZbXEecSE=',NULL,0,'',0,'Филиал5','','','','2025-08-29 07:18:26.696099',1,5,5),(10,'pbkdf2_sha256$1000000$IzKiuBqVGCa7VPMOSVaiVB$EfGEowfsivcAat/hv4xP9mrvHHo7FFYci7uBu5jzyYM=',NULL,0,'',0,'Филиал6','','','','2025-08-29 07:18:41.395986',1,5,6),(11,'pbkdf2_sha256$1000000$nkob8VytF1RtIO3oMbtBKB$OqRfIH6phI1F9O0exkKu2a54ckibjk6ldGvse8z51j4=',NULL,0,'',0,'Филиал7','','','','2025-08-29 07:18:56.426754',1,5,7),(12,'pbkdf2_sha256$1000000$BHjKFSAhcDOpR9PcEKutMs$9edcN7z9a4wga+pmDSWfagfYZSGAGyMjZ1fNJQrONY8=',NULL,0,'',0,'Филиал8','','','','2025-08-29 07:19:12.608178',1,5,8),(13,'pbkdf2_sha256$1000000$XeUy99X7ALIhFOR0eotABG$L3kP9U+Mkwa5KiHpgvCOD9LKgwc1vIQ8NscrveLYxhc=',NULL,0,'',0,'Филиал9','','','','2025-08-29 07:19:26.595048',1,5,9),(14,'pbkdf2_sha256$1000000$Bf4in81pKgwY6dHnUmmEiI$BO7eDW6hWItk2Ax0kyaSuv+tcWvughoqOW8pWkOjhkM=','2025-09-15 08:28:08.288465',1,'',1,'n',NULL,NULL,NULL,'2025-09-02 08:12:28.426947',1,1,NULL),(15,'pbkdf2_sha256$1000000$3tscttm8EP6L1U466l452s$h8cQvMiMJUwIEBf8MaaVurTASFaXcSM2cXsvLF0F8b0=','2025-09-15 12:56:49.356570',1,'',1,'Admin',NULL,NULL,NULL,'2025-09-02 08:13:26.928801',1,1,NULL),(16,'pbkdf2_sha256$1000000$94uMgd7d7nEjQsdrT5RxuF$CUtcH8TAPnRl9Iw9AyObH590LXlB6m48GM0CaUu3D3I=','2025-09-03 14:15:24.261863',0,'',0,'бухтест','','','','2025-09-03 14:08:15.768337',1,4,NULL);
/*!40000 ALTER TABLE `users_user` ENABLE KEYS */;
UNLOCK TABLES;

--
-- Table structure for table `users_usertype`
--

DROP TABLE IF EXISTS `users_usertype`;
/*!40101 SET @saved_cs_client     = @@character_set_client */;
/*!50503 SET character_set_client = utf8mb4 */;
CREATE TABLE `users_usertype` (
  `id` bigint NOT NULL AUTO_INCREMENT,
  `name` varchar(50) NOT NULL,
  PRIMARY KEY (`id`)
) ENGINE=InnoDB AUTO_INCREMENT=6 DEFAULT CHARSET=utf8mb3;
/*!40101 SET character_set_client = @saved_cs_client */;

--
-- Dumping data for table `users_usertype`
--

LOCK TABLES `users_usertype` WRITE;
/*!40000 ALTER TABLE `users_usertype` DISABLE KEYS */;
INSERT INTO `users_usertype` VALUES (1,'Администратор'),(2,'Поставщик'),(3,'Ассистент'),(4,'Бухгалтер'),(5,'Филиал');
/*!40000 ALTER TABLE `users_usertype` ENABLE KEYS */;
UNLOCK TABLES;

--
-- Table structure for table `users_webauthncredential`
--

DROP TABLE IF EXISTS `users_webauthncredential`;
/*!40101 SET @saved_cs_client     = @@character_set_client */;
/*!50503 SET character_set_client = utf8mb4 */;
CREATE TABLE `users_webauthncredential` (
  `id` bigint NOT NULL AUTO_INCREMENT,
  `credential_id` longblob NOT NULL,
  `public_key` longblob NOT NULL,
  `sign_count` int NOT NULL,
  `user_id` bigint NOT NULL,
  PRIMARY KEY (`id`),
  KEY `users_webau_user_id_5126e9_idx` (`user_id`),
  CONSTRAINT `users_webauthncredential_user_id_99423a0e_fk_users_user_id` FOREIGN KEY (`user_id`) REFERENCES `users_user` (`id`)
) ENGINE=InnoDB DEFAULT CHARSET=utf8mb3;
/*!40101 SET character_set_client = @saved_cs_client */;

--
-- Dumping data for table `users_webauthncredential`
--

LOCK TABLES `users_webauthncredential` WRITE;
/*!40000 ALTER TABLE `users_webauthncredential` DISABLE KEYS */;
/*!40000 ALTER TABLE `users_webauthncredential` ENABLE KEYS */;
UNLOCK TABLES;
/*!40103 SET TIME_ZONE=@OLD_TIME_ZONE */;

/*!40101 SET SQL_MODE=@OLD_SQL_MODE */;
/*!40014 SET FOREIGN_KEY_CHECKS=@OLD_FOREIGN_KEY_CHECKS */;
/*!40014 SET UNIQUE_CHECKS=@OLD_UNIQUE_CHECKS */;
/*!40101 SET CHARACTER_SET_CLIENT=@OLD_CHARACTER_SET_CLIENT */;
/*!40101 SET CHARACTER_SET_RESULTS=@OLD_CHARACTER_SET_RESULTS */;
/*!40101 SET COLLATION_CONNECTION=@OLD_COLLATION_CONNECTION */;
/*!40111 SET SQL_NOTES=@OLD_SQL_NOTES */;

-- Dump completed on 2025-09-16 19:39:44
